CustomerID,Name,Gender,Age,Location,Tenure,MonthlyCharges,DataUsage,VoiceMinutes,TextMessages,ServicePlan,BillingAmount,PaymentMethod,LatePayments,CustomerSupportCalls,Complaints,Churn
1,Gordon Garforth,Polygender,27,Hradec Králové,4,69.71,0.7,979,103,Contract,2528,Auto Pay,0,2,5,true
2,Sasha Drei,Female,30,Przewóz,56,23.26,5.3,210,269,Prepaid,3907,Bank Transfer,2,4,4,true
3,Megan Teml,Female,78,Sovetskaya,60,65.76,4.0,36,157,Contract,2608,Auto Pay,0,0,1,false
4,Patrizio Waltering,Male,83,Kliteh,60,4.7,8.2,812,94,Prepaid,3881,Bank Transfer,2,4,3,true
5,Latrena Dampney,Female,80,Devitsa,7,57.38,6.6,823,431,Contract,3147,Credit Card,3,2,5,false
6,Anatollo Torn,Male,94,Vishnyakovskiye Dachi,59,88.36,7.2,725,27,Postpaid,4181,Auto Pay,2,0,1,false
7,Kaia Leathers,Female,37,Zongluzui,4,40.53,0.7,831,225,Contract,1897,Bank Transfer,5,2,5,false
8,Hamilton Rudman,Male,87,Nggalak,12,20.44,0.6,838,201,Prepaid,407,Bank Transfer,0,1,4,true
9,Vilma Tupman,Female,32,Purut,47,33.09,9.1,325,459,Prepaid,3216,Credit Card,0,2,1,false
10,Romy Terrington,Female,31,Oslo,7,55.82,8.5,432,1,Prepaid,3104,Auto Pay,0,1,0,false
11,Zondra Tomlinson,Female,99,Tambakmerak,1,70.76,4.6,114,347,Contract,4593,Credit Card,2,2,4,false
12,Lombard Brinkley,Male,18,Zábřeh,24,31.07,8.6,673,334,Postpaid,4840,Bank Transfer,3,2,0,false
13,Ryon Albany,Male,19,Port Hawkesbury,59,140.45,5.4,255,226,Contract,234,Credit Card,3,5,0,true
14,Marvin Wiffen,Male,78,Omemee,57,118.31,5.2,361,211,Contract,87,Credit Card,2,0,1,false
15,Reade Ronci,Male,20,Meicheng,6,12.64,7.8,948,298,Contract,1108,Bank Transfer,5,0,5,true
16,Kathie O'Kenny,Female,95,Liutangting,8,4.76,8.1,450,459,Postpaid,3218,Credit Card,4,3,5,true
17,Berti Antrobus,Female,96,Puttalam,29,149.88,8.1,444,190,Prepaid,342,Credit Card,0,4,2,false
18,Dasi Earland,Female,45,Fuxin,19,55.34,9.7,428,250,Contract,1362,Bank Transfer,1,0,0,false
19,Martin Gloster,Male,88,Al Jamīmah,43,21.33,1.6,325,217,Postpaid,2712,Bank Transfer,0,2,1,false
20,Othello Duke,Male,57,Banyo,32,133.3,1.6,930,429,Postpaid,3367,Auto Pay,2,4,4,false
21,Jacinta Bennison,Female,45,Pingle,10,91.77,8.6,225,345,Contract,1959,Auto Pay,1,4,1,false
22,Tab Anstis,Genderfluid,22,Boavista,30,10.34,9.9,301,12,Contract,4602,Credit Card,5,3,2,false
23,Boycey Edgell,Male,31,Yakovlevskoye,35,70.91,0.1,572,420,Postpaid,2464,Auto Pay,0,1,0,true
24,Sharia Theodore,Female,55,Paris La Défense,9,129.08,1.9,473,404,Postpaid,3569,Credit Card,1,5,2,false
25,Sascha Brookhouse,Male,98,Bagahanlad,26,6.69,4.3,588,460,Contract,4788,Bank Transfer,3,1,5,false
26,Herold Massen,Male,49,Jinchuan,34,136.38,9.0,85,185,Prepaid,4321,Bank Transfer,1,3,5,true
27,Thorny Greengrass,Male,82,Currais Novos,28,136.79,3.5,424,227,Prepaid,4780,Auto Pay,0,2,2,false
28,Immanuel Scrine,Male,55,Warungsugan,1,123.19,9.0,352,296,Contract,3547,Bank Transfer,0,5,0,true
29,Rudolph Mungham,Male,25,Ljungbyholm,56,21.45,8.6,371,295,Postpaid,2990,Bank Transfer,1,2,1,true
30,Tadeas Gritskov,Male,62,Datian,49,109.89,5.2,359,120,Contract,1863,Credit Card,2,4,0,false
31,Bay Shotboult,Male,34,Puchong,32,132.59,9.6,386,319,Prepaid,307,Credit Card,0,3,5,true
32,Bill Ridings,Female,34,Chaiyaphum,4,63.3,7.7,595,54,Contract,2085,Auto Pay,4,3,3,false
33,Delbert Fackney,Male,31,Jicomé,54,6.46,6.4,649,487,Contract,2440,Auto Pay,0,2,2,true
34,Tobey Reade,Female,59,Añatuya,36,41.3,8.7,384,35,Postpaid,2468,Auto Pay,0,1,5,true
35,Steffi Haigh,Female,50,Tenggina Daya,51,85.19,3.5,738,202,Postpaid,3966,Credit Card,1,2,2,true
36,Carlita McCome,Female,19,Changqing,54,4.18,8.4,51,13,Contract,3310,Credit Card,4,5,3,true
37,Andree Oddie,Female,67,Madoi,31,64.45,7.9,189,261,Postpaid,4085,Auto Pay,3,0,0,false
38,Orran Besse,Male,45,Rouen,23,79.77,3.4,52,361,Postpaid,4428,Auto Pay,5,0,0,true
39,Humphrey Brecknock,Male,59,Kupino,36,44.86,4.0,572,33,Postpaid,3142,Bank Transfer,3,3,5,true
40,Harley Dabernott,Female,48,Sotteville-lès-Rouen,8,55.0,5.8,237,476,Postpaid,4568,Auto Pay,0,5,2,false
41,Herman Benedicte,Male,81,Javhlant,55,17.8,6.4,239,341,Prepaid,675,Credit Card,3,1,5,true
42,Anders Parlour,Male,41,Cuozheqiangma,46,76.86,0.4,700,388,Contract,4696,Auto Pay,1,3,1,false
43,Herold Friel,Male,25,Kunsan,42,83.6,5.4,228,70,Prepaid,1353,Bank Transfer,4,0,0,false
44,Glen Enrdigo,Female,37,Bojongsari,22,84.44,1.2,105,426,Contract,3335,Auto Pay,4,0,3,false
45,Reinaldos Conkie,Male,35,Kassiri,35,53.48,2.2,144,122,Postpaid,4834,Auto Pay,0,4,1,false
46,Hadley Geering,Male,75,Lintaca,18,76.8,6.7,726,105,Prepaid,4571,Auto Pay,0,5,3,true
47,Aliza Margiotta,Female,86,Nesovice,0,96.97,7.4,963,62,Contract,848,Bank Transfer,5,3,4,false
48,Micheil Gniewosz,Male,94,Gurbuki,32,72.22,1.1,392,271,Postpaid,1067,Auto Pay,4,4,2,false
49,Misha Spada,Female,35,Banjar Batuaji Kaja,42,16.86,4.3,712,256,Contract,411,Credit Card,4,1,0,true
50,Marlee Brunotti,Female,90,Sosándra,30,104.92,7.2,92,461,Postpaid,4325,Credit Card,5,4,3,false
51,Tessie Heggie,Genderqueer,25,Saint-Quentin-en-Yvelines,40,1.7,8.4,45,112,Postpaid,1824,Auto Pay,0,0,3,false
52,Eugenia Shillam,Female,34,Czerwonak,42,12.24,1.2,781,77,Contract,1281,Bank Transfer,3,1,4,false
53,Darryl Brigman,Male,90,Nový Bor,49,74.1,8.8,508,443,Contract,4109,Auto Pay,0,1,0,true
54,Atlanta Perroni,Female,30,Rogóźno,52,141.09,8.0,343,43,Prepaid,4764,Auto Pay,2,4,4,true
55,Gilbertine Sparshott,Female,38,Skoroszyce,1,144.88,9.0,883,112,Prepaid,105,Credit Card,5,0,3,true
56,Pete Hawkshaw,Male,56,Sakaidechō,51,84.08,0.9,733,82,Contract,4114,Bank Transfer,5,4,2,false
57,Henryetta Stopforth,Female,37,Fredericton,23,6.59,5.5,276,369,Contract,4770,Credit Card,2,5,5,false
58,Caz Gobourn,Male,68,Лабуништа,33,84.87,5.7,61,168,Postpaid,1297,Auto Pay,0,5,3,true
59,Torrie Presley,Female,86,Baidian,1,71.52,3.0,783,320,Postpaid,250,Credit Card,1,4,3,false
60,Germana Muirden,Female,31,Rochester,52,105.81,8.5,189,208,Contract,3579,Credit Card,0,4,3,true
61,Keary Mease,Non-binary,28,Outlook,20,121.84,5.8,835,292,Prepaid,555,Bank Transfer,4,5,4,false
62,Siward Amys,Male,24,Morro Agudo,23,122.95,7.9,594,240,Contract,1137,Bank Transfer,2,4,4,false
63,Floris Steuhlmeyer,Female,27,Pajapita,59,30.27,4.3,593,309,Prepaid,4572,Auto Pay,0,5,4,true
64,Delbert Broek,Male,44,Na Di,19,32.31,8.8,886,310,Contract,312,Auto Pay,2,1,1,true
65,Gordy Carhart,Male,56,Чегране,20,40.81,1.0,2,66,Postpaid,2723,Credit Card,1,4,0,true
66,Francisco Delaney,Male,55,Mercedes,28,128.61,1.7,656,272,Postpaid,562,Auto Pay,0,5,5,false
67,Lynnette Goter,Female,29,Fairview,53,19.46,6.0,352,323,Prepaid,2182,Credit Card,0,2,3,false
68,Hillard Padkin,Male,48,Kuršėnai,36,84.32,5.1,817,67,Prepaid,4084,Bank Transfer,5,0,1,false
69,Anderson Dumbell,Male,19,Pukou,37,88.18,4.8,683,34,Postpaid,3625,Bank Transfer,1,0,2,true
70,Kelby Oventon,Male,55,Tubel,4,51.85,7.7,860,125,Postpaid,914,Credit Card,1,2,2,true
71,Manya Wimlett,Female,69,Mariana,32,145.12,6.4,862,200,Contract,4381,Auto Pay,2,1,2,false
72,Cathi Le feuvre,Female,29,Setúbal,47,108.3,7.8,212,177,Postpaid,356,Credit Card,3,5,1,true
73,Ranique Frostdyke,Female,97,Sadao,42,149.0,7.2,73,484,Postpaid,630,Auto Pay,5,5,4,true
74,Yasmeen Gorini,Female,66,Dinājpur,10,35.03,4.5,521,134,Contract,4524,Auto Pay,3,0,4,true
75,Bronnie Gallgher,Male,56,Monze,1,74.43,1.8,341,356,Postpaid,554,Credit Card,2,0,3,true
76,Ilario Itzkowicz,Male,19,Moholm,27,139.0,0.5,356,433,Prepaid,3199,Credit Card,5,2,1,true
77,Kathryn Kernocke,Female,69,Spandaryan,39,51.97,8.8,730,77,Postpaid,2381,Credit Card,0,3,2,true
78,Bertina Whistlecraft,Genderqueer,63,Cansolungon,52,60.62,6.6,911,220,Postpaid,3651,Bank Transfer,0,0,4,true
79,Prudence Starkie,Female,67,Wenling,10,2.89,5.7,121,382,Contract,3580,Bank Transfer,5,1,4,false
80,Ingram Peddar,Male,77,Ruda Maleniecka,41,78.62,4.1,29,110,Postpaid,1545,Credit Card,1,2,1,true
81,Maribel Gaish,Female,53,Bosen,41,75.24,2.8,300,312,Postpaid,3049,Bank Transfer,0,1,3,false
82,Janice Kubanek,Female,24,Wan’an,4,68.55,6.7,139,312,Prepaid,4304,Auto Pay,1,0,5,true
83,Rowe Dallender,Female,25,Goundam,32,58.63,1.0,837,439,Contract,2517,Credit Card,2,3,1,false
84,Philbert Cuckoo,Male,36,Laojie,31,27.33,1.4,383,234,Contract,3266,Credit Card,3,2,1,true
85,Bernadina McMillan,Bigender,86,Dolores,2,120.89,2.8,345,149,Prepaid,1026,Auto Pay,2,5,1,false
86,Ebonee Tallquist,Bigender,72,Chechen-Aul,25,135.47,8.1,799,120,Contract,1944,Bank Transfer,4,0,1,false
87,Megan Van Der Weedenburg,Female,22,Järfälla,50,66.55,3.6,753,220,Prepaid,1744,Bank Transfer,4,3,3,true
88,Normand Lundon,Male,70,Gupakan,43,116.98,0.9,377,126,Postpaid,1772,Auto Pay,5,2,0,true
89,Thorstein Scriven,Male,97,Goúrnes,40,81.51,6.5,578,0,Postpaid,104,Credit Card,1,3,2,false
90,Veronike Kesey,Female,79,Maricá,38,135.73,6.7,416,305,Prepaid,1513,Auto Pay,5,3,5,false
91,Filip Towl,Male,83,Jiujie,48,76.03,5.9,230,82,Prepaid,755,Credit Card,4,3,0,false
92,Dorie Merredy,Female,40,Chimanimani,44,144.09,2.4,646,198,Contract,534,Credit Card,5,3,1,false
93,Steffen Maccraw,Male,73,Vilnius,28,41.64,2.0,741,75,Prepaid,1613,Auto Pay,4,4,1,false
94,Theodora Aim,Non-binary,91,Furukawa,21,30.16,7.5,919,164,Postpaid,2591,Auto Pay,3,3,2,false
95,Kilian Penniall,Male,96,Uppsala,43,94.28,2.3,28,109,Prepaid,1359,Auto Pay,3,2,4,false
96,Inglis Scrange,Male,71,Pangkungparuk,34,3.13,9.6,559,163,Postpaid,2269,Credit Card,4,3,0,false
97,Orv Elcy,Male,94,Zaña,15,117.3,8.5,810,2,Postpaid,1164,Credit Card,2,3,2,true
98,Ennis Bath,Male,41,Ujung Gading,5,110.6,5.3,846,106,Prepaid,4104,Auto Pay,2,3,0,true
99,Fergus Oliva,Male,39,Kazanskaya,22,92.96,6.1,864,84,Postpaid,1370,Bank Transfer,0,5,5,false
100,Johnathan Ferneyhough,Male,35,Chubek,4,130.82,3.3,51,476,Prepaid,1770,Auto Pay,0,1,0,true
101,Ermin Waterhouse,Male,18,Xingtan,8,133.92,4.8,689,30,Prepaid,3471,Auto Pay,2,4,2,true
102,Kalila Portchmouth,Female,64,Taoyuan,2,58.63,1.3,804,202,Prepaid,2475,Credit Card,2,4,3,false
103,Celinda MacGahy,Female,33,Xiatang,2,99.96,6.4,224,43,Prepaid,1775,Bank Transfer,4,4,3,true
104,Caitlin Ceschini,Female,46,Pyatigorsk,31,123.94,3.0,597,156,Prepaid,4255,Credit Card,1,5,2,false
105,Kary Ambrogioli,Genderqueer,20,Matos da Ranha,45,17.57,8.2,351,166,Prepaid,4535,Auto Pay,2,4,4,true
106,Raleigh Hexter,Male,90,Jistebník,8,54.01,6.5,819,344,Prepaid,3454,Bank Transfer,5,5,2,true
107,Madeleine Topaz,Polygender,58,Moravský Písek,31,50.43,1.7,131,310,Postpaid,2448,Credit Card,1,2,2,true
108,Damita MacGaffey,Female,72,Vila Nova de Santo André,44,124.68,1.7,159,303,Prepaid,368,Credit Card,4,2,0,false
109,Matelda Sam,Female,75,Boden,4,94.6,0.2,341,86,Postpaid,1391,Bank Transfer,1,2,0,true
110,Dania Pittman,Female,64,Skhira,32,15.35,7.3,743,294,Contract,2758,Auto Pay,5,3,3,false
111,Gardie Parcells,Male,95,Rabak,37,37.94,5.8,198,203,Postpaid,4001,Auto Pay,2,0,4,false
112,Mac Shelmardine,Male,35,Örebro,39,89.71,0.4,420,387,Prepaid,4004,Bank Transfer,0,2,5,true
113,Gabi Gilfillan,Polygender,36,Saatlı,19,97.4,1.7,462,43,Prepaid,4430,Bank Transfer,5,4,5,false
114,Templeton Corbett,Male,29,Woken,15,2.19,9.2,636,314,Contract,3328,Bank Transfer,3,5,5,false
115,Derry Surgen,Male,42,Kovernino,58,14.01,6.2,926,421,Contract,1280,Bank Transfer,0,3,3,false
116,Tasia Dowsing,Female,65,Ginebra,49,64.04,2.1,631,236,Contract,4925,Auto Pay,1,5,3,false
117,Dwight Green,Male,57,Hultsfred,58,134.3,5.9,145,111,Contract,2083,Auto Pay,5,3,2,true
118,Tadio Rydings,Male,77,Örnsköldsvik,40,27.67,7.1,738,69,Prepaid,4774,Credit Card,3,2,2,false
119,Merv Volage,Male,92,Apurawan,21,52.11,1.8,579,448,Postpaid,4013,Auto Pay,1,2,4,false
120,Josias Thredder,Male,41,Radymno,6,33.03,5.5,733,262,Postpaid,3264,Bank Transfer,2,1,3,false
121,Carrissa Wateridge,Female,40,Hudson Bay,23,76.8,4.1,465,183,Postpaid,4729,Credit Card,3,2,0,true
122,Valentine Clemetts,Female,21,Maño,15,50.87,0.1,463,359,Contract,2363,Credit Card,5,5,3,false
123,Brian Mohan,Male,68,Cishan,11,114.55,1.0,566,392,Contract,1447,Bank Transfer,5,0,5,false
124,Levi Speares,Male,61,Palecenan,55,136.52,6.6,368,21,Prepaid,879,Auto Pay,5,4,3,true
125,Karel Bonafant,Male,26,Kungsbacka,20,37.11,4.9,989,269,Postpaid,900,Credit Card,0,1,1,false
126,Elsie Jaan,Polygender,31,Tegarenkrajan,49,147.41,8.8,255,472,Prepaid,1231,Bank Transfer,3,3,1,true
127,Keefe Eilers,Male,34,Rudong,14,64.55,6.1,359,90,Prepaid,797,Bank Transfer,4,3,3,false
128,Nestor Levensky,Male,83,Warungawi,29,60.67,0.1,385,140,Contract,4429,Credit Card,3,3,2,true
129,Katrina Duddell,Female,55,Zhongshan Donglu,46,105.91,4.4,191,46,Prepaid,314,Credit Card,3,2,4,true
130,Tanitansy Defty,Female,51,Fengting,60,112.32,0.9,257,257,Contract,4527,Bank Transfer,4,2,1,true
131,Noni Hancell,Female,81,Heshi,5,127.95,7.4,289,99,Prepaid,55,Auto Pay,5,2,2,false
132,Fonzie McQuarrie,Male,33,Kotlas,48,10.05,3.2,876,475,Postpaid,2510,Auto Pay,0,2,3,true
133,Marmaduke Stagge,Genderfluid,35,Ma’an,34,79.92,4.1,582,454,Postpaid,850,Bank Transfer,4,1,1,true
134,Riki Jearum,Female,66,Canggetelo,15,145.54,0.1,372,69,Contract,1750,Auto Pay,2,3,4,false
135,Cathy Souza,Female,39,Muroran,24,59.21,6.8,545,339,Prepaid,1919,Credit Card,1,3,2,false
136,Esdras Hutt,Male,86,Kon Tum,14,141.65,3.0,351,443,Postpaid,2166,Credit Card,3,1,0,true
137,Ira Quakley,Non-binary,36,Úštěk,1,6.74,2.3,350,199,Prepaid,155,Auto Pay,2,0,3,true
138,Holly Lacase,Female,72,Montenegro,37,145.75,1.5,293,324,Postpaid,4626,Auto Pay,2,3,5,false
139,Ciel Boate,Female,54,Bansko,37,81.94,3.7,558,271,Postpaid,2461,Auto Pay,4,5,4,true
140,Hirsch Eccersley,Non-binary,78,Banjar Swastika,8,102.78,9.7,575,266,Postpaid,1192,Auto Pay,4,2,4,false
141,Wiley Prendergrast,Male,25,Täby,4,139.76,5.2,981,272,Postpaid,3906,Credit Card,0,3,1,true
142,Georges McLuckie,Male,76,Tidaholm,36,50.0,1.3,189,420,Prepaid,3425,Auto Pay,4,3,3,false
143,Cornie Everest,Female,21,Doubrava,33,137.23,1.5,303,274,Prepaid,46,Bank Transfer,2,5,0,true
144,Mariann Schubbert,Female,68,Kusatsu,39,30.94,3.4,18,235,Prepaid,4464,Auto Pay,2,3,3,false
145,Butch Tunaclift,Male,67,Rajapeni,22,128.22,9.6,472,313,Contract,681,Auto Pay,2,2,4,true
146,Tudor Gosselin,Male,92,Merapit,46,96.1,2.9,616,440,Postpaid,4352,Auto Pay,1,5,4,true
147,Lotta Dobby,Female,74,Jieheshi,48,64.31,0.6,977,12,Postpaid,570,Bank Transfer,5,5,0,false
148,Flint Snufflebottom,Male,66,Tongxing,27,55.82,8.8,787,118,Prepaid,4299,Bank Transfer,0,4,3,true
149,Lacie Pickston,Genderqueer,67,Bous,16,46.87,0.8,731,50,Postpaid,2211,Auto Pay,5,3,1,true
150,Jordan McKain,Female,49,Hinigaran,12,128.32,5.5,938,366,Postpaid,1477,Credit Card,0,2,1,true
151,Hasty Vlasyev,Genderqueer,87,Niafunké,16,112.5,4.1,1000,116,Contract,1383,Bank Transfer,1,4,2,false
152,Ivory Baine,Female,92,Chengmagang,45,86.3,3.5,795,361,Postpaid,1122,Credit Card,3,0,2,true
153,Mirna Johansson,Female,94,Al Masallamiyya,5,100.25,2.2,426,266,Contract,1714,Bank Transfer,0,3,2,true
154,Ebeneser Boadby,Male,65,Huangbei,12,44.91,3.6,849,482,Contract,2046,Credit Card,2,5,2,true
155,Nerita Vanyard,Female,20,Dongpu,58,51.2,6.4,744,118,Contract,1543,Auto Pay,5,3,4,false
156,Aurthur Downey,Male,95,Xiawuqi,22,45.76,4.4,904,417,Postpaid,1939,Bank Transfer,3,3,1,false
157,Ric Ferrers,Male,68,Fafe,57,53.84,6.9,699,441,Contract,1965,Credit Card,5,3,1,true
158,Anna-diana Cuel,Female,51,Jiquinlaca,56,22.38,7.2,681,344,Contract,1739,Credit Card,2,0,1,false
159,Laurianne Luxford,Female,39,Tubigan,20,33.3,2.8,695,358,Prepaid,3950,Auto Pay,4,2,5,true
160,Gil Drydale,Male,34,Iwaki,8,132.12,3.4,647,248,Contract,3451,Auto Pay,5,5,2,true
161,Lois Passy,Female,95,Tauca,39,32.0,4.9,194,261,Prepaid,927,Credit Card,5,3,4,true
162,Nickolai Melliard,Male,40,Unidos,11,57.25,3.7,139,152,Contract,4881,Credit Card,2,5,5,false
163,Eudora Stolting,Female,48,Cimanglid,47,22.59,5.7,300,345,Contract,4879,Auto Pay,4,3,4,false
164,Jemima Morgans,Female,37,Hagonoy,5,63.43,5.0,205,365,Contract,2121,Credit Card,3,4,0,true
165,Appolonia Twinbourne,Female,43,Tyringe,11,25.12,7.5,511,364,Contract,249,Auto Pay,0,4,0,false
166,Orel Edwicke,Female,85,Bondokodi,51,99.41,0.7,810,184,Postpaid,1507,Credit Card,5,0,0,false
167,Pauly Iacovini,Male,30,Xuji,60,32.56,9.1,67,194,Prepaid,4519,Bank Transfer,3,2,5,true
168,Wilie Nalder,Female,100,Cerro,5,66.63,7.0,358,97,Postpaid,1735,Bank Transfer,1,2,2,true
169,Adey Bennington,Female,23,Brudzew,34,99.83,9.7,334,53,Postpaid,404,Bank Transfer,3,1,1,false
170,Normand Mapes,Male,69,Trảng Bom,47,144.6,6.7,351,249,Postpaid,3768,Auto Pay,5,2,3,true
171,Melissa Smetoun,Female,61,Pawak,2,37.94,6.2,923,465,Prepaid,3731,Auto Pay,4,0,3,true
172,Britt Noury,Female,55,Maria Cristina,31,107.12,8.2,935,315,Contract,38,Bank Transfer,2,4,3,false
173,Drusie Schulken,Female,56,Irapa,48,39.74,6.9,849,456,Prepaid,188,Credit Card,2,5,4,false
174,Melisande Gatrill,Female,29,Mantalongon,19,28.63,3.5,641,306,Postpaid,64,Credit Card,0,5,3,true
175,Flory Grover,Male,40,Tambobamba,5,71.88,9.5,159,289,Prepaid,1465,Bank Transfer,5,2,3,false
176,Gaspar Dorrity,Male,89,Arcangel,31,142.21,9.9,950,390,Prepaid,89,Credit Card,1,3,3,false
177,Ross Pegram,Male,29,Gilin,38,125.74,4.4,950,76,Prepaid,1088,Credit Card,0,0,1,false
178,Elga Jamary,Female,24,Modderfontein,25,55.55,6.9,71,472,Prepaid,4545,Auto Pay,4,3,1,false
179,Jodie Gomer,Female,56,Mirões,55,60.33,9.3,639,142,Prepaid,2791,Credit Card,1,2,2,false
180,Chrotoem Bovis,Male,75,Sukadana,52,43.06,4.8,729,322,Prepaid,2862,Credit Card,1,5,2,false
181,Ardith Ruffler,Female,31,Besançon,6,58.56,2.5,157,49,Contract,3469,Credit Card,1,4,5,false
182,Sal Sigert,Male,25,Aston,35,57.96,9.1,968,221,Postpaid,1429,Credit Card,5,1,3,false
183,Friederike Adey,Female,51,Landi Kotal,58,107.55,8.3,211,57,Contract,4003,Credit Card,1,3,3,false
184,Monica Broinlich,Bigender,53,Karvia,50,108.93,7.8,863,165,Contract,2491,Credit Card,5,2,3,false
185,Dennie Fahy,Female,21,Książ Wielkopolski,10,7.49,8.2,838,286,Prepaid,3081,Credit Card,4,1,4,false
186,Elie Brettelle,Female,62,Hobor,44,93.93,2.9,762,250,Postpaid,3773,Auto Pay,0,5,1,true
187,Meredeth Darington,Male,53,Chayek,47,90.98,4.3,349,71,Prepaid,1400,Credit Card,3,0,5,true
188,Lia Venmore,Female,59,Carigara,2,95.63,6.4,96,145,Prepaid,2988,Auto Pay,3,2,2,true
189,Elizabeth Yeardsley,Female,48,Samborondón,0,86.98,9.7,972,417,Postpaid,3055,Bank Transfer,2,2,0,true
190,Jodi Donalson,Female,57,Sōka,18,80.84,3.8,485,317,Prepaid,163,Bank Transfer,2,4,4,true
191,Katharine Torbeck,Female,27,Gorang,43,114.01,6.4,424,186,Contract,2989,Credit Card,2,0,4,false
192,Skell Proughten,Male,56,Kortkeros,40,130.93,3.3,404,314,Prepaid,2536,Bank Transfer,3,5,5,true
193,Sarene Roll,Female,60,Sinajana Village,50,116.27,0.4,36,161,Prepaid,2914,Bank Transfer,3,4,4,true
194,Gerry Glascott,Genderfluid,57,Krasne,32,10.53,0.0,540,1,Contract,4177,Auto Pay,0,3,4,true
195,Winny Slocket,Male,72,Yunguyo,19,51.88,7.8,46,91,Postpaid,4703,Auto Pay,3,1,2,false
196,Carr Gable,Male,39,Jeminay,45,74.92,0.6,689,72,Prepaid,4441,Bank Transfer,5,4,0,true
197,Krisha Dod,Male,45,Xiongchi,41,0.68,7.0,359,267,Prepaid,4546,Auto Pay,5,1,2,false
198,Leeann Winston,Female,63,Lhasa,40,47.74,2.3,914,76,Prepaid,956,Credit Card,4,4,3,false
199,Brucie Bordman,Male,99,Jialu,41,141.35,1.3,435,445,Postpaid,3839,Bank Transfer,2,1,4,true
200,Jeramey Feenan,Male,76,Kamru,39,127.69,9.7,206,410,Contract,2848,Bank Transfer,3,3,1,true
201,Inglis Bullman,Male,20,Ribeiro,22,37.95,1.9,570,337,Contract,4747,Auto Pay,5,2,4,true
202,Nico Illyes,Male,47,Taishanmiao,31,145.52,1.7,910,333,Postpaid,1680,Bank Transfer,2,1,3,false
203,Antonie Millington,Female,94,Pining,36,95.57,4.6,12,130,Contract,4222,Auto Pay,1,2,2,true
204,Jewell Volcker,Female,25,Luohe,56,14.79,0.4,335,432,Postpaid,878,Bank Transfer,0,2,1,true
205,Emile Carratt,Male,45,Przybyszówka,51,92.48,3.0,640,251,Prepaid,257,Auto Pay,3,3,5,false
206,Bunnie Arnowitz,Female,91,Klampok,31,21.99,2.6,4,392,Contract,2911,Bank Transfer,0,3,3,false
207,Albertina Henniger,Polygender,21,Shuigou,22,11.77,4.1,129,56,Prepaid,997,Credit Card,3,1,1,true
208,Siward Aliberti,Male,27,Liusi,34,36.15,4.2,349,230,Prepaid,1968,Credit Card,0,1,1,false
209,Danit Thurlow,Polygender,25,Heshui,4,147.39,9.2,289,145,Prepaid,1594,Credit Card,5,1,1,false
210,Chanda Foottit,Female,70,Czerniewice,4,43.11,7.9,140,234,Postpaid,4710,Auto Pay,4,2,0,false
211,Alaster De la Yglesia,Male,24,Chusovoy,34,67.89,3.7,292,158,Postpaid,2763,Bank Transfer,0,1,4,false
212,Kayla Bodd,Female,100,Jiangtian,20,127.31,8.2,790,16,Prepaid,4977,Bank Transfer,1,2,3,false
213,Karie Mander,Female,28,Columbus,21,6.91,2.9,456,228,Contract,332,Auto Pay,5,4,5,false
214,Aurlie Kimbley,Female,56,Bojadła,7,13.45,7.8,76,171,Postpaid,3554,Bank Transfer,2,1,3,true
215,Carey Colliss,Male,81,Muzayri‘,7,10.39,2.3,311,462,Prepaid,1327,Auto Pay,2,4,4,true
216,Daisi Tooher,Female,75,Itinga,52,3.05,3.0,18,331,Postpaid,4186,Auto Pay,4,0,1,false
217,Meir Brahmer,Male,93,Staraya Stanitsa,4,145.14,1.6,193,331,Contract,4778,Bank Transfer,2,1,0,true
218,Electra Tomasi,Female,100,Erfurt,60,103.45,0.8,906,433,Postpaid,2720,Bank Transfer,5,3,3,true
219,Sonnie Wife,Female,70,Poděbrady,42,15.1,3.8,443,423,Contract,2306,Auto Pay,1,0,0,false
220,Caleb Van der Velden,Male,19,Mons,43,106.98,8.2,76,381,Contract,52,Credit Card,5,3,3,false
221,Marja Kiehne,Female,89,København,13,69.52,4.7,765,479,Contract,1916,Credit Card,2,4,4,true
222,Rozella Raynard,Female,61,Goryachevodskiy,53,24.3,1.8,156,486,Contract,658,Credit Card,3,1,0,true
223,Charo Baroc,Genderqueer,79,Hongmiao,40,18.34,7.9,842,182,Postpaid,4653,Bank Transfer,3,0,0,false
224,Octavia Fadian,Female,25,Jurm,15,72.28,3.0,326,399,Postpaid,701,Bank Transfer,4,5,2,true
225,Donelle Fullalove,Female,39,Gunungkoneng,14,62.69,6.9,8,364,Prepaid,629,Auto Pay,0,5,1,true
226,Bailey Cankett,Male,36,Barueri,18,92.05,7.4,239,175,Contract,3049,Credit Card,5,4,4,true
227,Adolph Adlem,Male,83,Stari Grad,50,2.14,5.1,991,144,Contract,1028,Bank Transfer,5,1,4,false
228,Bella Aron,Female,50,Lorica,47,28.41,3.9,557,153,Contract,4045,Credit Card,2,0,0,false
229,Nerta Lukins,Bigender,100,Clorinda,17,28.83,6.8,49,209,Prepaid,2428,Credit Card,5,2,4,true
230,Webster Eveling,Male,97,Melíssia,13,119.7,3.1,770,287,Contract,4031,Credit Card,3,5,2,true
231,Olav Houseman,Male,53,Cran-Gevrier,11,75.17,8.3,402,36,Contract,1238,Bank Transfer,1,0,5,false
232,Conn Linnell,Male,21,Revolucion,55,4.29,2.5,715,464,Prepaid,3234,Bank Transfer,5,5,4,false
233,Marion Dafydd,Female,90,Sukamaju,19,112.53,6.6,920,207,Contract,1835,Credit Card,0,2,4,false
234,Renata Axten,Polygender,47,Mosteiros,59,93.89,2.4,686,97,Contract,4611,Credit Card,4,3,1,false
235,Harris Daens,Male,91,Słotowa,52,104.79,6.3,47,326,Contract,3437,Credit Card,4,1,2,false
236,Garv Buddleigh,Male,61,Rutana,12,51.36,5.9,842,54,Postpaid,988,Credit Card,1,1,0,false
237,Richie Caves,Male,83,Dunlewy,21,92.53,1.6,647,194,Postpaid,307,Credit Card,2,3,2,false
238,Niki Duckit,Female,79,Tomas,21,94.04,0.5,378,10,Postpaid,2437,Bank Transfer,3,4,1,false
239,Belita Goodrich,Polygender,50,"Las Vegas, Santa Barbara",23,92.87,0.5,696,92,Contract,4772,Auto Pay,2,4,1,false
240,Alfons Diwell,Male,45,Martyush,7,64.22,7.8,294,344,Postpaid,3409,Auto Pay,0,4,4,false
241,Wylma Manoch,Female,85,Buesaco,6,89.2,6.1,330,367,Postpaid,245,Credit Card,0,0,2,true
242,Gabbie Belson,Female,50,Leon,24,106.43,7.7,555,120,Contract,4722,Auto Pay,3,0,4,true
243,Mic Trousdell,Male,50,Chornobay,45,76.02,9.3,668,317,Prepaid,29,Auto Pay,5,1,0,true
244,Hubert Benedidick,Male,98,Hodošan,52,43.4,3.6,40,184,Prepaid,1587,Bank Transfer,1,0,0,false
245,Gerek Sickert,Male,32,Xinshan,10,50.54,7.8,314,467,Contract,3879,Auto Pay,5,2,2,true
246,Burg Bourrel,Male,73,Zhoutian,52,135.54,9.4,101,239,Contract,2525,Bank Transfer,2,5,1,false
247,Noel Bockin,Female,54,Grojec,42,27.41,8.6,185,400,Contract,1299,Auto Pay,2,3,2,true
248,Alia Land,Female,60,Alkmaar,22,85.74,5.0,135,79,Prepaid,1570,Bank Transfer,5,0,4,false
249,Andrej Petrina,Male,83,Tipaz,57,11.84,3.3,903,63,Postpaid,44,Auto Pay,2,3,5,false
250,Alisander Daniellot,Male,68,Al Mughayyir,0,38.31,5.9,285,361,Contract,1947,Bank Transfer,0,5,4,false
251,Karlie McQuilty,Female,47,Khao Wong,13,69.13,6.9,78,379,Postpaid,610,Auto Pay,2,4,5,true
252,Derby Hurlin,Male,44,Pringgabaya,22,111.26,5.7,777,446,Contract,1039,Bank Transfer,0,2,1,false
253,Natividad Peal,Female,69,Maoming,25,45.73,9.7,926,126,Contract,2787,Bank Transfer,3,0,5,true
254,Bettine Grigoryov,Female,43,Krajan Satu,30,149.99,5.9,573,447,Postpaid,2099,Auto Pay,3,5,3,true
255,Renee Omrod,Female,99,Ansermanuevo,34,131.2,4.9,651,140,Contract,1617,Credit Card,1,1,0,true
256,Carver Lupton,Male,86,Sobrosa,32,66.34,3.1,760,390,Prepaid,4177,Auto Pay,3,1,3,true
257,Delcine Heisman,Female,94,Kalidawe,38,137.82,4.1,196,133,Contract,2961,Bank Transfer,1,3,1,false
258,Devina Powelee,Female,88,Gobernador Ingeniero Valentín Virasoro,34,46.5,6.3,806,321,Prepaid,1733,Auto Pay,4,3,2,true
259,Mame Anthoin,Female,28,Huangmei,9,104.08,3.3,605,310,Postpaid,3990,Auto Pay,3,5,5,false
260,Granger Gawler,Male,77,Piskivka,54,33.94,1.7,677,284,Postpaid,1645,Credit Card,1,4,2,true
261,Ilene Cady,Female,75,Elverum,56,127.35,4.5,760,285,Postpaid,677,Bank Transfer,4,0,0,true
262,Breanne Gossage,Female,44,Chicago,56,51.91,5.2,753,14,Contract,4327,Bank Transfer,3,5,0,true
263,Verge Marlow,Male,85,Libertad,22,79.56,7.9,248,117,Prepaid,1460,Credit Card,2,4,5,false
264,Andy Bosket,Male,29,Guofu,21,4.8,0.3,723,478,Postpaid,4970,Credit Card,3,2,0,false
265,Oren Vitall,Male,76,Loúros,30,19.7,5.2,525,25,Postpaid,4381,Credit Card,4,5,4,false
266,Torre Danbury,Male,18,San Miguelito,30,32.67,9.5,673,469,Postpaid,3897,Auto Pay,1,2,0,true
267,Merola Janisson,Female,89,Inta,56,77.58,2.9,288,412,Postpaid,4000,Credit Card,5,2,0,true
268,Ossie Kimberly,Male,68,Ranchuelo,9,104.2,8.9,764,301,Prepaid,295,Bank Transfer,4,4,0,false
269,Richie Nevill,Male,54,Pulau Pinang,36,85.49,2.5,834,211,Prepaid,2652,Credit Card,4,3,5,false
270,Davidde Chaston,Male,71,Deán Funes,9,137.94,4.6,275,319,Contract,1431,Bank Transfer,1,5,0,true
271,Yankee Ruter,Male,18,Cardona,6,72.96,4.4,332,483,Prepaid,3090,Auto Pay,3,5,5,false
272,Monro Bolstridge,Male,98,Barengkok Hilir,7,75.36,4.1,651,276,Contract,2674,Bank Transfer,2,3,1,false
273,Jeanie Ridett,Female,75,Pirok,5,54.06,6.1,224,319,Postpaid,1389,Auto Pay,3,0,3,true
274,Corbett Beaton,Male,48,Takikawa,31,5.36,1.5,843,210,Postpaid,4556,Credit Card,1,0,3,false
275,Di Opie,Female,74,Kamárai,21,51.56,8.9,127,260,Postpaid,3811,Auto Pay,2,5,0,false
276,Michaela Ripping,Female,95,Al Fujayrah,46,52.61,3.1,146,32,Prepaid,1404,Credit Card,0,0,3,false
277,John Couchman,Male,91,Tsybulevka,30,131.4,7.8,561,167,Contract,2181,Credit Card,3,2,4,true
278,Bradney Youens,Male,59,‘Arīqah,48,75.42,9.6,943,266,Contract,2539,Credit Card,1,2,4,false
279,Calley MacShirie,Female,92,Clones,4,43.48,4.9,992,252,Prepaid,620,Bank Transfer,2,3,0,false
280,Rayner Poag,Male,43,Ban Selaphum,32,86.8,5.6,999,178,Prepaid,2721,Auto Pay,1,3,1,false
281,Ophelie Smithen,Polygender,25,Delvinë,25,66.49,6.9,70,163,Postpaid,4197,Credit Card,1,1,0,true
282,Elliot Sand,Male,32,Halteu,53,126.72,5.8,486,145,Contract,141,Credit Card,3,2,0,false
283,Vanessa Dempster,Female,46,Anápolis,48,89.89,0.7,477,280,Contract,4747,Bank Transfer,5,1,4,false
284,Sigismund Aris,Male,95,Na Klang,12,138.34,6.4,910,498,Postpaid,4045,Auto Pay,1,5,1,true
285,Dwight Sliman,Male,92,Göteborg,32,35.62,3.8,858,172,Postpaid,3084,Credit Card,3,1,3,true
286,Kristy Fenners,Female,70,Jiaoyuan,10,118.55,7.5,867,365,Prepaid,4940,Auto Pay,0,0,5,true
287,Mariann Manginot,Female,75,Piskavica,54,54.16,1.8,61,495,Prepaid,2358,Bank Transfer,0,5,5,false
288,Nesta Duddle,Female,63,Kamal,53,100.0,8.8,965,136,Prepaid,4894,Bank Transfer,4,1,3,false
289,Jerry Castiello,Agender,83,Kebonsari Kidul,58,61.84,1.2,97,342,Prepaid,2058,Auto Pay,4,5,0,false
290,Torr Dogg,Male,76,Kertapura,53,116.29,6.8,736,488,Contract,811,Bank Transfer,4,1,5,true
291,Caron Joel,Female,97,Linpu,17,142.51,2.7,817,82,Postpaid,1522,Bank Transfer,3,1,2,false
292,Jeni Child,Female,92,Längelmäki,54,84.86,2.8,680,314,Postpaid,46,Bank Transfer,0,1,2,true
293,Georgina Coram,Female,88,Podhum,45,31.68,6.8,488,228,Prepaid,180,Bank Transfer,3,0,2,true
294,Lydia Chasemoore,Female,26,Mirzāpur,46,17.91,7.2,855,324,Prepaid,72,Bank Transfer,4,4,5,false
295,Florentia Dray,Female,45,Ximafang,33,138.51,2.1,131,420,Prepaid,4580,Auto Pay,5,3,5,false
296,Fanchette Riddiough,Genderfluid,49,Tosu,15,104.42,9.4,754,466,Postpaid,4382,Auto Pay,5,4,0,true
297,Kit Glendenning,Male,64,Zhongzhai,52,64.23,9.1,722,299,Postpaid,2048,Auto Pay,1,0,4,true
298,Keefer Vaud,Male,25,Tornio,1,70.72,7.2,350,347,Prepaid,971,Auto Pay,2,1,3,false
299,Coral Huller,Female,35,Humpolec,34,72.63,8.2,646,415,Contract,2052,Credit Card,0,2,3,true
300,Grayce Wellington,Female,63,Aston,0,9.73,7.9,597,61,Postpaid,2909,Credit Card,1,3,5,false
301,Hamish Cinderey,Male,50,Bürenhayrhan,52,137.67,6.4,85,214,Contract,2670,Auto Pay,5,4,5,true
302,Hastie Wildman,Male,79,Youssoufia,41,117.17,5.2,257,385,Contract,4935,Bank Transfer,0,4,1,true
303,Arte Overlow,Male,71,Wasogolo,53,113.76,0.6,791,77,Postpaid,4505,Bank Transfer,2,0,3,false
304,Cecilla Bovey,Non-binary,84,Nato,28,34.21,8.7,744,496,Contract,4587,Credit Card,5,2,1,false
305,Cordi Clausius,Female,58,Cuyotenango,42,23.19,7.5,893,401,Postpaid,3307,Auto Pay,4,4,2,true
306,Rodolfo Kinneir,Male,87,Yabēlo,46,75.51,6.2,999,447,Postpaid,2157,Bank Transfer,5,5,2,false
307,Mariele Gossage,Female,26,Strasbourg,42,32.02,9.0,162,70,Prepaid,2348,Bank Transfer,1,2,0,false
308,Hyacinthie Casol,Female,48,Walton,58,86.73,3.2,639,444,Prepaid,580,Bank Transfer,5,0,5,false
309,Akim Picken,Non-binary,51,Progreso,23,27.72,1.3,71,443,Postpaid,2158,Bank Transfer,2,2,1,false
310,Savina Johnikin,Female,38,Sindang,29,131.63,5.6,931,48,Postpaid,3986,Auto Pay,0,4,0,false
311,Nanice Krysztofowicz,Agender,57,Turkestan,32,9.48,2.3,859,442,Postpaid,2358,Credit Card,2,1,3,false
312,Kerstin Penticost,Female,54,Koryčany,47,62.96,0.2,130,361,Contract,3246,Auto Pay,2,3,4,true
313,Bunni Charte,Female,25,Sinhyeon,5,15.41,3.4,617,489,Prepaid,597,Credit Card,3,1,3,false
314,Bendick Beavors,Male,97,Suhong,28,13.94,6.4,83,467,Prepaid,320,Credit Card,4,1,5,true
315,Erich Lafaye,Male,27,Mont-Saint-Aignan,11,67.93,1.0,973,321,Postpaid,1554,Bank Transfer,5,5,0,true
316,Dalenna Cruise,Female,23,Gbawe,7,137.31,3.5,566,178,Contract,4855,Credit Card,0,5,0,false
317,Alfred Rathke,Male,54,Ituiutaba,31,86.27,9.7,489,118,Contract,1839,Bank Transfer,0,0,5,false
318,Donielle Ellsom,Female,72,Sv. Anton,6,45.09,0.9,44,0,Contract,209,Bank Transfer,2,2,1,true
319,Noni Matej,Female,47,Ituiutaba,46,145.47,3.8,59,475,Postpaid,4700,Bank Transfer,3,4,4,false
320,Any Dalliston,Male,45,Qal‘ah-ye Na‘īm,24,15.82,1.9,941,213,Contract,4255,Credit Card,3,1,2,false
321,Cello Garret,Male,34,Jiekeng,12,21.58,1.4,758,369,Postpaid,3668,Bank Transfer,0,0,0,false
322,Joscelin Birchwood,Female,51,Eskilstuna,59,52.69,8.9,691,93,Postpaid,3262,Auto Pay,4,1,2,true
323,Allayne Iannitti,Male,27,Porto Velho,20,76.75,8.6,252,425,Contract,3906,Credit Card,1,4,1,true
324,Rockey Vardie,Male,100,Bologoye,5,11.84,0.8,349,275,Contract,272,Credit Card,5,1,5,true
325,Abbott Keelinge,Male,39,Saint Andrews,24,8.71,0.1,285,130,Prepaid,3042,Credit Card,3,0,5,false
326,Christye Songhurst,Female,68,Cangkuang,47,35.75,6.5,335,420,Prepaid,1804,Auto Pay,2,4,1,false
327,Evelyn Castana,Non-binary,40,Donghe,45,99.21,3.6,220,363,Postpaid,4710,Bank Transfer,0,5,2,true
328,Chery Le Pine,Female,88,Pendawanbaru,55,69.87,0.9,220,474,Prepaid,4192,Credit Card,3,5,1,true
329,Kiri Mateuszczyk,Female,89,Furmanov,10,117.86,6.0,633,276,Postpaid,11,Auto Pay,0,0,5,true
330,Chip Finnie,Male,54,Mount Darwin,49,141.94,3.5,841,174,Prepaid,3208,Credit Card,2,0,4,false
331,Lucky Dotson,Female,63,Venezuela,41,128.07,7.8,804,120,Postpaid,4724,Credit Card,0,2,4,false
332,Morris Eat,Male,51,Peruíbe,15,58.96,7.4,31,15,Prepaid,797,Auto Pay,1,1,2,true
333,Berget Gude,Female,40,El Tambo,21,42.93,8.3,488,272,Contract,1349,Credit Card,5,2,2,true
334,Sheeree Langston,Female,47,São Mateus,59,90.28,4.8,889,20,Postpaid,2122,Bank Transfer,2,2,5,false
335,Rosita Reese,Female,73,Negotino,8,61.93,8.1,267,482,Contract,3944,Auto Pay,2,5,2,true
336,Nert Rogger,Female,97,Ndano,52,25.34,5.5,789,236,Contract,4569,Bank Transfer,3,5,1,true
337,Meade Erdes,Polygender,77,Cambanay,12,113.85,5.7,459,402,Postpaid,3212,Auto Pay,1,2,2,true
338,Angelle McLleese,Female,41,Xiashu,1,129.23,5.2,970,79,Postpaid,4473,Auto Pay,1,0,0,true
339,Neddie Moncrieffe,Bigender,84,Alfenas,57,77.76,5.9,943,54,Prepaid,4849,Bank Transfer,1,2,2,true
340,Osbourn Stoney,Male,20,Sempol,33,144.7,2.8,834,421,Postpaid,3010,Auto Pay,0,5,3,true
341,Carina Kluss,Female,87,Kaskinen,8,140.62,2.9,763,225,Contract,992,Auto Pay,2,4,5,false
342,Wilbert Diddams,Non-binary,80,Strzelce Krajeńskie,33,140.88,4.3,453,147,Postpaid,1642,Bank Transfer,4,2,0,true
343,Katrina Cuningham,Female,37,Mahekou,52,117.72,1.9,674,247,Postpaid,1723,Bank Transfer,3,3,4,true
344,Godart Hyatt,Agender,86,Lengkongjaya,30,117.93,5.3,600,366,Contract,2227,Bank Transfer,4,0,1,true
345,Agatha Paule,Female,50,Sanhui,27,38.69,5.9,472,312,Prepaid,4223,Bank Transfer,1,0,0,true
346,Codie Devons,Female,52,San Miguel,11,115.37,6.8,405,52,Postpaid,3857,Auto Pay,5,5,4,true
347,Leora Sarjant,Female,89,Habingkloang,7,98.92,1.3,108,472,Postpaid,833,Bank Transfer,0,1,5,true
348,Giff Simester,Male,68,Genova,9,61.66,6.5,833,450,Contract,3358,Auto Pay,4,3,5,false
349,Dianna Sanbrooke,Female,26,Otwock,52,27.49,7.7,545,76,Contract,2775,Bank Transfer,4,2,0,true
350,Roddy Greville,Male,42,Reims,57,116.52,6.6,942,342,Prepaid,1559,Auto Pay,4,5,1,true
351,Juliane Pleat,Female,53,Cilangkap,51,112.41,3.2,116,275,Postpaid,1299,Credit Card,1,4,2,false
352,Bryana Gyford,Genderfluid,85,Awayan,1,93.18,9.0,767,383,Contract,2060,Bank Transfer,3,5,2,true
353,Rozelle Paley,Female,21,Arazane,38,134.24,4.9,246,85,Postpaid,2629,Auto Pay,2,1,5,true
354,Zia Gumn,Polygender,52,San Carlos,23,68.89,5.5,575,85,Prepaid,316,Credit Card,4,5,1,true
355,Garrik Hamshere,Male,100,Maticmatic,57,139.51,2.9,753,327,Prepaid,707,Bank Transfer,4,0,3,true
356,Patrice Olufsen,Female,55,Vaulx-en-Velin,3,34.89,1.5,595,194,Postpaid,3940,Auto Pay,5,3,5,true
357,Carlynne Woolner,Female,53,Taoyang,53,44.55,0.4,226,236,Contract,1465,Bank Transfer,4,2,0,false
358,Leone Tuffield,Female,28,Las Tablas,48,71.01,4.8,102,133,Contract,2000,Bank Transfer,0,0,3,true
359,Ranice Renhard,Female,88,Pital,41,96.91,9.5,161,423,Postpaid,3314,Bank Transfer,3,4,0,false
360,Beatrix Gredden,Female,55,Banjar Brahmanabukit,10,118.83,5.8,775,105,Postpaid,2745,Bank Transfer,0,5,1,true
361,Theresina Primett,Female,64,Nizui,38,132.56,0.5,75,113,Contract,3187,Bank Transfer,5,2,1,true
362,Amaleta Butteris,Female,91,Chardonnière,31,4.68,8.6,405,290,Prepaid,2223,Credit Card,1,0,2,true
363,Farlie McKnockiter,Male,22,Teeli,48,82.55,0.7,202,199,Contract,2883,Credit Card,2,5,0,false
364,Fernandina Cumes,Female,40,Qingzhou,57,126.06,5.6,15,21,Postpaid,2220,Auto Pay,3,5,1,true
365,Ray Atwill,Male,85,Mar del Plata,28,123.1,8.9,35,229,Prepaid,2982,Bank Transfer,4,3,1,true
366,Obadias Aylett,Male,36,Vanadzor,58,110.36,1.7,977,463,Prepaid,4633,Auto Pay,1,5,0,false
367,Alleen Grannell,Female,95,Zhangfang,50,146.92,7.9,403,326,Postpaid,3404,Auto Pay,0,5,3,false
368,Sharon O'Hern,Agender,27,Sobang,45,139.09,7.3,771,306,Postpaid,505,Bank Transfer,4,1,3,false
369,Moe Oliphard,Male,58,Lacdayan,4,90.84,2.2,954,442,Postpaid,2351,Credit Card,4,4,2,true
370,Felic Mahody,Male,95,Xiling,39,17.12,9.4,398,321,Postpaid,2692,Credit Card,4,1,2,false
371,Elinore McCoid,Female,88,San Nicolás,56,97.12,5.9,857,381,Postpaid,4785,Auto Pay,3,4,2,true
372,Hagan Bryett,Male,31,Valašská Bystřice,34,60.61,1.2,280,266,Postpaid,2426,Credit Card,3,1,4,false
373,Olav Gee,Male,84,Togu,6,100.08,8.3,660,26,Contract,3392,Auto Pay,3,2,4,false
374,Rudy Sherman,Male,98,Arujá,13,116.95,7.7,248,226,Prepaid,3422,Bank Transfer,2,2,1,true
375,Buddie Mateos,Male,70,Wadung,46,12.64,8.4,972,489,Contract,3025,Auto Pay,3,2,4,true
376,Alina Coddrington,Female,39,Gobernador Ingeniero Valentín Virasoro,16,11.33,0.7,285,153,Postpaid,2498,Bank Transfer,4,1,4,true
377,Lucho Pontain,Male,76,Keratéa,2,14.18,4.0,325,410,Contract,4343,Bank Transfer,0,5,5,true
378,Inez Finnes,Female,24,Laidian,22,112.86,6.6,774,303,Contract,798,Auto Pay,2,5,2,true
379,Matthias Halcro,Male,63,Tatarbunary,15,25.91,0.7,111,241,Postpaid,1011,Bank Transfer,3,2,3,false
380,Laurie Thornber,Female,40,Itumbiara,26,144.71,2.3,296,86,Prepaid,1486,Credit Card,1,4,2,true
381,Kenny Blench,Male,57,Concepcion,25,139.11,7.9,812,434,Postpaid,3652,Credit Card,3,5,4,true
382,Judie Lawfull,Female,41,Zaymishche,32,58.11,4.1,821,394,Prepaid,4196,Bank Transfer,1,1,2,false
383,Mikel Bramstom,Male,52,Nowe Grocholice,52,50.53,2.7,190,99,Contract,1341,Credit Card,3,3,5,false
384,Milo Lodin,Male,20,Puan Selatan,49,3.76,0.2,737,35,Postpaid,2916,Auto Pay,0,0,5,false
385,Mayor Hopewell,Male,91,Dazhangzhuang,52,16.91,1.8,470,352,Prepaid,3400,Credit Card,1,4,2,true
386,Betteann Card,Female,95,Sumbergayam,39,4.53,2.4,115,408,Postpaid,4476,Bank Transfer,2,0,5,true
387,Todd Pester,Male,66,Mazra‘at Bayt Jinn,26,96.78,7.8,557,471,Postpaid,4508,Auto Pay,0,4,5,true
388,Kenton Ourtic,Male,58,Baltasar Brum,60,28.19,5.6,179,486,Postpaid,586,Credit Card,3,2,3,true
389,Orland Sandhill,Male,82,Łużna,32,88.72,7.8,290,120,Postpaid,4735,Auto Pay,0,4,0,false
390,Ailsun Sperry,Female,75,Hengshan,21,2.18,0.7,546,295,Postpaid,2106,Credit Card,3,2,5,true
391,Beltran Asquez,Male,36,Druzhba,7,6.21,9.0,339,284,Contract,1216,Bank Transfer,4,5,1,true
392,Josee Gland,Female,72,Besuk Selatan,16,4.29,0.5,762,296,Postpaid,908,Auto Pay,3,4,0,true
393,Yorgo Fominov,Male,96,Fenghuangshan,23,116.99,4.9,801,279,Prepaid,2920,Bank Transfer,1,2,4,false
394,Kristel Jessett,Bigender,66,Magetlegar,0,138.44,1.2,493,19,Postpaid,2180,Bank Transfer,0,5,4,false
395,Sheff Fernie,Male,47,Monsanto,26,23.62,8.1,752,168,Prepaid,4901,Bank Transfer,1,1,3,false
396,Nita Manske,Genderfluid,82,Basel,21,2.33,2.6,461,284,Contract,1320,Credit Card,5,5,5,true
397,Gayel McCaskill,Female,21,Ostashkov,36,92.68,8.7,127,148,Prepaid,3715,Auto Pay,5,3,5,false
398,Gabriel Ferrulli,Female,24,Balayan,56,86.19,7.8,949,264,Contract,2470,Credit Card,4,0,3,true
399,Giacopo Ilchuk,Male,86,San Andres,37,4.59,5.1,17,254,Postpaid,4596,Bank Transfer,4,0,5,false
400,Jaime Zute,Female,62,Reno,2,58.84,7.7,975,77,Postpaid,2837,Bank Transfer,3,0,1,true
401,Lennie Martinets,Male,90,Xiaojiang,1,4.59,8.1,819,341,Prepaid,4578,Auto Pay,3,1,1,true
402,Dwain Kendall,Male,70,Kajiki,23,54.02,3.4,193,462,Prepaid,1627,Auto Pay,0,5,4,false
403,Mariette Lympany,Female,76,Geshan,7,119.06,4.7,952,409,Prepaid,2702,Auto Pay,2,5,4,true
404,Simmonds Gyurkovics,Male,21,Fasito‘outa,41,138.99,1.1,858,58,Contract,4314,Bank Transfer,0,4,3,false
405,Alric Fielding,Male,62,Kungsbacka,47,39.72,5.1,265,63,Contract,1524,Auto Pay,0,4,0,false
406,Tito Hallaways,Male,85,Youshan,42,124.35,9.1,802,243,Contract,2396,Credit Card,2,2,2,false
407,Jolie O'Doherty,Female,86,Sindang,7,122.39,8.0,300,191,Postpaid,2375,Bank Transfer,3,2,0,true
408,Carla Baskett,Female,81,Reutlingen,36,32.23,4.2,219,399,Prepaid,2555,Credit Card,3,1,5,false
409,Orlan Kennsley,Male,95,Bandar ‘Abbās,25,98.03,2.3,135,6,Postpaid,3057,Credit Card,4,4,2,false
410,Perren Garaghan,Male,70,Panikian,59,27.23,8.3,267,287,Prepaid,4744,Credit Card,5,3,1,false
411,Jonathan Turbern,Male,60,Foluo,19,129.44,3.7,412,487,Contract,163,Credit Card,0,4,0,false
412,Barrie Hammerich,Female,27,Sabae,11,71.41,0.0,340,33,Postpaid,2358,Credit Card,0,2,4,false
413,Pearla Domingues,Female,36,Glatik,45,140.42,5.0,725,97,Postpaid,2346,Bank Transfer,2,3,1,false
414,Alexandro Tabor,Male,20,Mosteiró,50,40.67,6.0,267,300,Postpaid,4054,Bank Transfer,5,4,1,true
415,Romeo Stollenbecker,Male,81,Cesvaine,31,80.85,7.7,500,410,Postpaid,449,Bank Transfer,0,3,2,true
416,Hans Gomes,Male,37,Cuyotenango,4,3.24,6.7,611,498,Contract,4198,Credit Card,5,3,2,false
417,Wendie Tilby,Female,67,Gonzalo Pizarro,48,115.09,4.4,695,66,Postpaid,4698,Bank Transfer,4,3,5,false
418,Anastasia Degenhardt,Female,20,Syzran’,10,122.23,0.7,515,131,Contract,1008,Auto Pay,1,5,3,false
419,Travus Stolte,Male,97,Phetchaburi,19,9.81,6.5,987,456,Prepaid,1315,Auto Pay,2,3,3,true
420,Bordie Reddyhoff,Male,23,Laojie,17,27.43,1.4,168,80,Contract,2367,Auto Pay,2,1,1,true
421,Ezequiel Tearney,Male,76,Dongxiaokou,9,130.46,8.5,631,13,Postpaid,2822,Bank Transfer,0,2,3,true
422,Lonnard Cruddace,Male,19,Nanlin,35,112.14,8.4,944,109,Prepaid,4100,Bank Transfer,3,2,2,true
423,Madelena Magnus,Female,88,Povenets,56,77.13,5.9,794,209,Contract,2456,Auto Pay,1,2,0,false
424,Joya Krolle,Female,30,Werangere,52,99.89,6.2,55,123,Contract,3191,Auto Pay,0,0,1,true
425,Lamond Ickeringill,Male,42,Erdu,34,35.2,2.7,720,388,Postpaid,2228,Auto Pay,5,2,4,true
426,Eugene Hurlin,Male,50,Liutan,15,33.73,7.6,286,68,Postpaid,1081,Auto Pay,3,0,3,true
427,Olga Huntress,Female,96,El Pardo,7,52.75,8.5,765,368,Postpaid,3752,Bank Transfer,2,3,3,false
428,Felecia Bodicam,Genderqueer,36,Santa Cruz De Tenerife,13,42.73,0.3,525,242,Prepaid,2220,Credit Card,4,1,1,false
429,Jacobo Lead,Male,64,Chengjiao,10,43.72,1.7,126,3,Postpaid,1729,Credit Card,1,1,0,true
430,Hetty Woodward,Female,97,San Jose,33,32.39,7.1,924,347,Prepaid,3529,Credit Card,2,1,5,false
431,Simeon Snead,Male,89,Fier,28,118.42,9.4,381,431,Prepaid,444,Auto Pay,2,0,0,true
432,Durante Montfort,Male,80,Vetlanda,7,129.45,0.9,664,383,Postpaid,3317,Bank Transfer,0,1,2,false
433,Willa Burness,Female,53,Maastricht,32,7.64,5.6,326,356,Postpaid,2573,Bank Transfer,3,3,3,false
434,Parke Garrold,Male,93,Västerås,3,134.82,2.5,489,221,Prepaid,4994,Bank Transfer,5,2,3,false
435,Allegra Brogiotti,Female,19,Xiheshan,60,38.19,6.8,825,128,Postpaid,4363,Credit Card,4,0,4,true
436,Wallas Lagde,Male,86,Dahu Satu,9,109.5,3.0,870,41,Postpaid,850,Bank Transfer,1,0,4,true
437,Fanchon Lewsy,Female,64,Rače,39,61.42,2.2,159,39,Postpaid,4660,Credit Card,5,5,2,false
438,Phelia MacTerrelly,Genderqueer,71,Pamupukan,17,134.67,0.6,943,29,Contract,2142,Bank Transfer,2,0,4,false
439,Adrea Prahm,Female,100,Begejci,38,77.88,6.5,598,240,Postpaid,1565,Auto Pay,0,1,3,true
440,Patsy Emeny,Genderqueer,98,Hila,17,76.93,2.9,120,197,Contract,1290,Auto Pay,0,0,2,false
441,Laney Lissaman,Female,60,Gagnoa,28,53.53,5.2,645,201,Contract,1096,Credit Card,0,0,2,true
442,Edee Dessent,Female,87,Riit,7,62.14,2.4,315,432,Contract,670,Credit Card,1,3,0,true
443,Hubie Renon,Genderfluid,93,Qiaoxia,22,14.28,3.6,963,241,Contract,1157,Auto Pay,1,5,0,false
444,Ilise Barehead,Agender,90,Kemang,5,29.24,7.1,573,422,Prepaid,4799,Auto Pay,4,2,1,true
445,Vassily Lorentzen,Male,69,Al Mazār,35,4.28,4.5,263,293,Postpaid,2448,Auto Pay,0,5,3,true
446,Prince Ferneley,Male,93,Żabno,12,20.69,9.4,504,414,Contract,4782,Credit Card,5,3,5,true
447,Michal Belhome,Genderfluid,82,Unión,45,25.1,5.9,831,45,Postpaid,835,Credit Card,2,3,1,false
448,Gordan Caulkett,Male,65,Kināna,19,136.53,2.6,148,200,Prepaid,4855,Auto Pay,1,0,5,true
449,Alic Eytel,Male,97,Kabulusan,20,73.93,6.7,22,82,Prepaid,2848,Auto Pay,1,0,5,false
450,Diann McFaul,Female,21,Priiskovyy,36,81.39,0.9,594,71,Postpaid,2323,Credit Card,4,3,5,true
451,Ofelia Wills,Female,44,Ning’er,14,55.04,1.8,135,453,Contract,767,Credit Card,3,0,1,true
452,Patrizia Gambrell,Genderfluid,60,San Jose,5,86.61,7.6,621,357,Prepaid,3164,Auto Pay,0,5,4,true
453,Cesare Taft,Male,89,Kumla,49,20.56,0.7,152,348,Contract,3931,Bank Transfer,3,0,5,true
454,Timoteo Schankel,Male,96,Sanandaj,12,124.88,3.9,418,459,Contract,4641,Bank Transfer,0,3,2,false
455,Ulrich Scoyne,Male,48,Alhos Vedros,11,94.41,0.2,419,477,Postpaid,4193,Auto Pay,5,0,2,true
456,Odie Groucock,Male,33,La Guadalupe,45,73.46,1.0,437,415,Contract,3374,Credit Card,4,2,0,true
457,Natal McDonogh,Male,78,Arbuzynka,45,35.94,5.5,672,54,Contract,4850,Credit Card,1,3,2,false
458,Theo Whipple,Male,57,Bergen op Zoom,39,75.04,0.6,670,446,Postpaid,15,Credit Card,2,4,1,true
459,Vale Grunnill,Female,24,Borkowice,3,119.63,2.9,184,311,Postpaid,1071,Bank Transfer,3,0,2,true
460,Sheryl Thickin,Female,44,Mabay,45,36.82,8.2,215,97,Postpaid,2612,Auto Pay,1,3,1,false
461,Tiebold Ralphs,Male,46,Qiangtou,32,91.47,3.4,772,360,Prepaid,4422,Auto Pay,4,4,3,true
462,Cally Deeks,Female,85,Xinmen,55,30.94,2.2,961,252,Postpaid,3189,Auto Pay,5,3,3,true
463,Erinna Ryde,Polygender,70,Konstantinovo,54,133.7,0.6,111,382,Prepaid,3554,Auto Pay,0,1,5,false
464,Cyndia Stamper,Female,53,Neópolis,23,67.75,1.8,362,172,Contract,1994,Credit Card,1,0,3,false
465,Kelsey Coughtrey,Female,22,Suban Jeriji,24,70.34,6.9,515,481,Postpaid,1673,Auto Pay,3,0,2,true
466,Rosella Clayborn,Female,41,Lucma,49,77.71,5.5,512,326,Prepaid,2271,Credit Card,3,1,3,false
467,Shayne Moth,Male,70,Garcia Hernandez,23,87.97,7.1,271,181,Contract,4474,Bank Transfer,2,3,4,false
468,Dominica Achromov,Female,61,Longos,26,111.67,2.4,373,238,Contract,2969,Credit Card,1,3,1,false
469,Juditha Haythornthwaite,Female,63,Tánh Linh,37,141.13,6.3,225,83,Prepaid,4754,Auto Pay,1,0,2,false
470,Hildy Hayto,Female,77,Ozërsk,25,94.05,9.5,584,492,Contract,2252,Credit Card,1,0,5,true
471,Darin Vanlint,Male,25,Oslo,35,58.57,7.8,831,13,Contract,1539,Bank Transfer,1,0,4,false
472,Delmer Rawlinson,Male,23,Międzyzdroje,53,129.22,8.0,369,324,Prepaid,353,Credit Card,5,3,3,true
473,Kaylil Hudless,Female,54,San Fernando del Valle de Catamarca,18,91.38,3.1,887,461,Postpaid,1305,Bank Transfer,0,3,4,false
474,Kania Andrysiak,Female,63,Teutônia,5,75.51,6.6,364,160,Prepaid,4055,Bank Transfer,3,5,5,true
475,Rosetta Allum,Female,62,San Javier,35,64.84,5.4,310,168,Contract,4858,Bank Transfer,5,4,2,true
476,Dugald Solano,Male,18,Vladivostok,4,19.64,5.1,278,346,Contract,2758,Bank Transfer,4,0,3,true
477,Kendell Breckon,Male,33,Nāḩīyat Saddat al Hindīyah,43,93.9,9.4,416,41,Postpaid,1655,Credit Card,1,4,0,false
478,Hebert Stable,Male,37,Vila Franca do Campo,45,137.74,4.1,690,437,Contract,3413,Bank Transfer,2,4,5,true
479,Othelia Graysmark,Genderfluid,88,Sanguansi,48,75.11,1.8,396,214,Contract,4546,Auto Pay,5,1,5,true
480,Lucine Cardis,Female,74,Lipa City,49,27.31,7.0,60,37,Contract,1859,Bank Transfer,2,0,1,false
481,Mavis Dumingo,Female,48,Ulaandel,9,83.85,7.8,709,209,Postpaid,4245,Bank Transfer,5,0,4,false
482,Tanney Wagner,Male,64,Boracéia,46,100.43,8.4,849,287,Contract,1985,Auto Pay,4,4,1,true
483,Crystie Tanzer,Female,72,Liangshuihe,49,39.83,1.9,537,259,Contract,4531,Auto Pay,2,2,1,true
484,Caryn Hendrix,Female,73,Siilinjärvi,26,104.64,6.1,107,200,Postpaid,2504,Bank Transfer,5,3,4,true
485,Abagael Dewar,Female,27,Doug An,35,134.08,1.9,629,203,Postpaid,2440,Credit Card,4,5,1,true
486,Bing Speed,Male,30,Bălţi,44,105.91,0.5,234,412,Contract,4068,Bank Transfer,2,1,0,false
487,Danielle Boate,Female,21,Buyun,22,95.7,7.3,867,386,Prepaid,1965,Auto Pay,2,1,2,true
488,Barby Faint,Female,31,Mozdok,13,77.52,8.2,897,437,Prepaid,121,Auto Pay,3,1,2,false
489,Shayne Drayton,Male,41,Sepulu,25,134.74,7.6,391,400,Postpaid,4134,Auto Pay,4,3,0,false
490,Rusty Mc Comb,Male,58,Catac,32,87.04,8.4,525,482,Postpaid,2699,Auto Pay,1,2,0,true
491,Mendel Armsby,Male,69,Karangmulyo,55,31.33,1.4,705,458,Postpaid,4093,Bank Transfer,5,4,3,true
492,Reggis Liell,Male,42,San Jorge,12,132.89,3.9,432,229,Postpaid,2014,Bank Transfer,0,0,0,false
493,Aldwin Darnody,Male,39,Tsuruoka,21,85.52,4.7,794,114,Contract,300,Credit Card,0,4,0,true
494,Land Hendrik,Male,56,Beitan,56,98.69,5.5,837,164,Contract,3677,Credit Card,3,1,4,false
495,Carilyn Casper,Female,93,Loay,52,29.67,7.2,295,448,Postpaid,1072,Credit Card,1,2,2,true
496,Emily Edgley,Female,40,Cartagena,9,74.15,2.7,914,292,Prepaid,297,Auto Pay,2,2,5,true
497,Beryl Damper,Female,99,Schirmeck,59,137.05,9.7,117,192,Postpaid,2868,Bank Transfer,3,1,0,false
498,Land Shorten,Male,87,Kebonbencoy,7,86.73,7.9,449,357,Prepaid,1975,Bank Transfer,0,5,3,true
499,Martina Gounet,Female,90,Åmål,2,142.46,1.8,384,34,Prepaid,4059,Bank Transfer,0,5,5,false
500,Penny Jaan,Male,100,Luyi,48,87.02,3.1,607,212,Prepaid,813,Auto Pay,5,2,5,true
501,Emmalynn Baldam,Female,24,Patayac,49,100.32,4.2,157,500,Prepaid,4029,Auto Pay,5,5,0,false
502,Fern Huthart,Female,49,Dingshu,22,116.61,7.0,646,81,Contract,2549,Credit Card,2,3,4,false
503,Rosalyn Fitzsymonds,Female,97,Frederiksberg,53,122.51,4.6,39,239,Postpaid,1507,Credit Card,3,4,3,true
504,Antin Brobak,Male,32,Katyr-Yurt,19,130.46,7.7,253,130,Contract,1403,Auto Pay,3,4,0,false
505,Denver Tender,Male,41,Masparrito,60,34.15,6.2,441,348,Postpaid,4019,Credit Card,2,3,3,true
506,Chlo Tilte,Female,79,Příbor,51,59.8,1.9,868,350,Contract,2542,Bank Transfer,5,5,2,false
507,Townsend Sieur,Male,24,Årjäng,34,148.93,7.4,466,498,Prepaid,4956,Auto Pay,0,3,0,false
508,Oates Vasin,Male,34,Yelyzavethradka,33,123.1,0.8,898,282,Prepaid,2829,Bank Transfer,5,3,3,false
509,Rosa Maharry,Female,95,Ecroignard,40,138.76,3.0,318,461,Contract,3997,Credit Card,2,2,2,true
510,Nola Lysons,Female,42,Santos,10,89.18,0.5,115,332,Prepaid,4929,Auto Pay,0,3,4,true
511,Stinky Curedell,Male,44,Gorna Oryakhovitsa,43,135.13,9.1,65,229,Contract,782,Credit Card,5,5,3,true
512,Rodrick Janaway,Male,58,Andong,52,61.25,5.0,709,84,Contract,4320,Credit Card,0,2,3,false
513,Sadella MacPaike,Female,64,Šenčur,8,129.96,4.2,644,56,Postpaid,3241,Bank Transfer,5,5,1,false
514,Melisse Allcock,Bigender,65,Trbovlje,48,88.35,0.3,90,158,Prepaid,491,Credit Card,0,2,4,true
515,Anton Darton,Male,36,Beni Khiar,30,130.34,8.8,982,91,Prepaid,3791,Credit Card,0,1,0,false
516,Porty Babonau,Male,36,Mahuta,31,124.71,3.8,7,268,Contract,3005,Auto Pay,0,0,2,true
517,Myrtle Shall,Polygender,98,Tateyama,24,15.02,3.4,189,468,Postpaid,3097,Auto Pay,2,3,4,true
518,Paige Grigorey,Bigender,23,Jalupang Dua,19,95.68,9.3,843,385,Contract,637,Bank Transfer,4,0,4,false
519,Jaye Biswell,Male,47,Sarana,13,32.16,9.0,870,272,Postpaid,954,Auto Pay,5,0,5,true
520,Billye Albiston,Female,22,Besao,0,9.18,0.4,273,138,Contract,978,Auto Pay,1,2,2,true
521,Dacie Vassie,Female,61,Podkumskiy,16,55.88,3.3,778,123,Contract,4381,Credit Card,0,5,4,false
522,Krishnah Gurnee,Male,65,Słupsk,27,78.83,1.4,888,286,Postpaid,3198,Credit Card,5,3,1,false
523,Humbert Cassella,Male,43,Sanandaj,11,79.61,2.7,560,140,Contract,3960,Credit Card,5,0,1,true
524,Tandie Yakunin,Female,99,Kostopil’,32,121.91,5.1,396,204,Contract,1136,Credit Card,1,5,5,false
525,Chan Bontein,Male,48,Miasteczko Śląskie,40,145.47,5.1,273,76,Postpaid,3185,Credit Card,4,1,4,false
526,Kimberly O'Deegan,Female,74,Nor Yerznka,60,142.51,0.2,327,374,Prepaid,733,Credit Card,2,3,4,false
527,Micaela Eckart,Female,45,Padangan,16,112.31,3.1,443,55,Postpaid,1961,Auto Pay,0,3,2,false
528,Carlo Skupinski,Male,77,Paoua,60,11.54,1.0,675,87,Contract,1813,Credit Card,3,2,5,true
529,Patric Winsley,Polygender,47,Skolkovo,11,57.11,1.5,51,488,Contract,4172,Auto Pay,1,1,3,false
530,Willis Budd,Bigender,80,Mahdia,29,75.61,8.0,517,440,Contract,206,Credit Card,2,0,5,true
531,Dud Morcombe,Male,31,Phôngsali,46,136.57,1.9,487,285,Contract,2995,Credit Card,0,3,2,true
532,Carey Bisseker,Female,59,Usol’ye,28,28.64,5.9,694,331,Prepaid,1908,Bank Transfer,1,4,1,true
533,Riordan Danelut,Male,85,Kotabaru,16,60.71,1.7,797,396,Postpaid,2786,Auto Pay,1,5,4,false
534,Halley Aery,Genderfluid,95,Koton Karifi,39,43.74,0.5,784,69,Contract,4065,Bank Transfer,0,4,5,true
535,Ruperto Kivlin,Male,58,Glugur Tengah,56,34.74,2.0,39,7,Postpaid,175,Credit Card,5,0,1,true
536,Riccardo Lattin,Male,51,Emar,58,112.02,0.1,142,497,Contract,4285,Bank Transfer,3,1,2,false
537,Othella Jayme,Female,74,Tchamba,17,147.32,1.9,416,232,Postpaid,4612,Bank Transfer,3,4,2,false
538,Berke Sisley,Male,67,Xinhang,46,80.34,0.9,910,365,Contract,3005,Bank Transfer,0,4,5,true
539,Hastings Ternent,Male,22,Fakaifou Village,3,42.63,1.5,954,268,Contract,1046,Bank Transfer,1,4,1,false
540,Gorden Enric,Agender,25,Valleymount,36,9.67,9.6,711,302,Prepaid,3654,Credit Card,1,1,4,false
541,Dominique Milbourn,Male,50,Muzhijie,60,130.01,3.1,337,307,Prepaid,253,Credit Card,5,0,1,false
542,Laurice Borchardt,Female,37,Bender,13,61.72,4.5,729,124,Prepaid,4175,Bank Transfer,3,2,2,true
543,Miranda Zuanazzi,Non-binary,24,Peimei,49,50.64,5.6,967,99,Contract,154,Credit Card,0,5,3,true
544,Emory Scough,Male,43,Miguel Hidalgo,18,147.83,0.7,882,237,Contract,4648,Bank Transfer,5,5,1,false
545,Joey Leedal,Male,22,Katyuzhanka,20,106.29,0.3,593,307,Prepaid,419,Credit Card,4,0,0,false
546,Maryanna Hamberston,Female,39,Piława Górna,41,54.95,2.5,140,195,Postpaid,4995,Credit Card,2,1,0,false
547,Reed Simoens,Male,66,General Belgrano,7,16.36,6.8,685,453,Contract,73,Auto Pay,2,0,3,false
548,Chiquita Mayworth,Female,48,Akron,54,4.45,5.2,592,244,Contract,2017,Credit Card,2,1,1,true
549,Valery Radwell,Female,66,Zhaojia,55,39.78,8.4,555,317,Contract,195,Credit Card,1,3,2,true
550,Darcie Pain,Female,82,Aloleng,52,73.48,4.7,165,99,Contract,3988,Bank Transfer,2,3,5,true
551,Lydon Ludl,Male,76,Xiqiao,30,2.7,2.4,174,257,Contract,1691,Credit Card,4,1,4,true
552,Abram Ebbin,Male,19,Tutup,57,6.01,5.3,446,129,Prepaid,1972,Auto Pay,1,2,3,false
553,Baxy Roseaman,Male,23,Formosa,14,65.41,3.0,762,371,Prepaid,608,Bank Transfer,5,4,4,false
554,Cariotta Harfoot,Female,55,Bender,27,138.77,2.2,808,285,Prepaid,2831,Auto Pay,4,4,1,false
555,Lefty Bunyan,Male,57,Xiong’erzhai,30,109.94,3.8,812,54,Prepaid,2595,Bank Transfer,2,4,5,false
556,Catie Padson,Female,51,Davydovo,12,27.82,9.0,20,480,Prepaid,3956,Credit Card,4,3,1,false
557,Madelina Caughte,Female,100,San Fernando,24,31.63,2.2,34,316,Contract,2176,Credit Card,3,0,1,true
558,Ingeborg De Brett,Female,57,Kozhevnikovo,20,23.25,2.5,575,107,Contract,958,Credit Card,3,3,5,true
559,Cornelle Collings,Non-binary,61,Gąbin,5,97.39,0.7,37,5,Contract,1678,Auto Pay,5,4,5,true
560,Sile Pacher,Female,36,Cheongju-si,23,1.6,1.1,188,482,Contract,2720,Auto Pay,4,0,0,true
561,Gerianna Drissell,Female,77,Banjar Bias,42,133.69,9.9,663,310,Prepaid,2472,Auto Pay,4,5,1,false
562,Chicky Shelp,Male,81,Aqaba,44,21.16,5.7,216,182,Contract,3509,Auto Pay,3,0,2,true
563,Trevar Heditch,Male,25,Hongyanxi,47,86.17,7.8,386,19,Contract,2746,Bank Transfer,5,2,0,true
564,Brooke Coulston,Genderqueer,45,Tegalsari,54,64.22,4.0,684,150,Prepaid,4498,Bank Transfer,4,0,4,false
565,Babita Hucquart,Female,58,Paita,51,61.21,9.9,346,430,Postpaid,3968,Auto Pay,5,5,3,false
566,Prentiss Hawe,Male,59,Fushëkuqe,49,44.15,0.1,64,372,Contract,2328,Credit Card,3,5,0,true
567,Nyssa Jellico,Female,56,Dinahican,41,25.34,4.0,135,207,Contract,4112,Credit Card,3,0,4,true
568,Junina Ricciardello,Female,75,Batujaran,0,72.66,4.3,979,209,Prepaid,1434,Auto Pay,3,2,3,false
569,Daron Ferguson,Non-binary,37,Jinotepe,50,92.56,5.6,890,486,Prepaid,2548,Bank Transfer,1,2,3,true
570,Fernandina Plumridege,Female,90,Valparaíso,39,76.15,4.9,886,340,Contract,2590,Credit Card,0,1,5,true
571,Tess Scarse,Female,98,Ранковце,12,123.56,4.5,370,3,Postpaid,1920,Bank Transfer,2,0,3,true
572,Gilemette Borer,Female,37,Amuñgan,42,80.41,0.7,268,90,Postpaid,1185,Auto Pay,4,5,2,false
573,Immanuel Fairbard,Agender,41,Fort Wayne,26,12.93,2.6,934,186,Prepaid,2897,Auto Pay,3,5,3,true
574,Germain Chuck,Female,24,Bantawora,25,80.37,9.4,845,81,Postpaid,1638,Credit Card,4,4,5,true
575,Claybourne McEwen,Male,55,Zarrīn Shahr,3,25.16,8.8,643,291,Contract,4553,Credit Card,0,4,2,true
576,Sterling Lardnar,Male,21,Aginskoye,25,121.08,4.6,348,349,Prepaid,545,Bank Transfer,3,4,5,false
577,Hobie D'Alesio,Male,85,Ḩurayḑah,38,94.9,5.0,932,468,Postpaid,122,Auto Pay,0,1,4,true
578,Talya Bichard,Female,94,Sedandang,8,43.08,6.8,380,48,Prepaid,1901,Credit Card,5,0,2,true
579,Emmet Caustick,Male,54,Boticas,28,109.46,5.6,520,295,Prepaid,3855,Auto Pay,1,5,3,true
580,Aymer Rousel,Male,41,Santiago de Subrrifana,19,44.0,3.4,542,29,Postpaid,2037,Auto Pay,0,1,4,false
581,Marc Mutter,Male,39,Laval,46,58.11,6.2,512,311,Contract,4920,Auto Pay,2,5,0,false
582,Mady Doggett,Female,52,Fushë-Bulqizë,16,60.33,4.1,129,191,Prepaid,4816,Bank Transfer,4,2,1,true
583,Trey Bampford,Male,47,Boca de Parita,11,89.96,10.0,94,128,Prepaid,125,Credit Card,2,1,3,true
584,Robers Dinley,Male,37,Stockholm,12,62.08,3.9,668,184,Prepaid,3775,Credit Card,5,2,0,false
585,Sollie Hawgood,Male,26,Caxarias,34,76.42,8.0,630,93,Postpaid,3663,Bank Transfer,3,3,0,false
586,Ara Dewen,Female,45,Angren,12,95.32,8.8,844,71,Prepaid,355,Auto Pay,3,4,5,true
587,Marylin Fuggles,Female,58,San Miguel,59,120.64,6.1,545,184,Contract,3039,Auto Pay,5,2,2,false
588,Babs Goter,Female,89,Calibishie,20,22.05,1.1,308,251,Postpaid,2912,Auto Pay,4,3,2,false
589,Heddie Eliasen,Female,35,Xiashitai,14,48.82,0.9,772,34,Postpaid,3878,Bank Transfer,0,0,1,false
590,Sauncho Corkish,Male,58,Lianjiangkou,17,34.66,2.3,582,279,Prepaid,58,Credit Card,0,5,4,false
591,Nessie Formoy,Female,67,Chiang Khan,29,24.86,8.5,915,455,Prepaid,3448,Bank Transfer,0,4,5,false
592,Dukie Prickett,Male,88,Getahovit,1,32.67,4.5,367,283,Prepaid,3387,Bank Transfer,4,4,0,true
593,Micky Swindells,Male,31,Kamensk-Shakhtinskiy,43,15.79,4.7,374,130,Postpaid,4757,Credit Card,3,4,1,false
594,Boothe Attoc,Male,45,Tugulym,48,77.34,4.8,107,459,Postpaid,2703,Auto Pay,1,1,5,true
595,Tanhya Waterworth,Female,80,Jianshe,49,100.03,2.8,483,449,Prepaid,878,Bank Transfer,3,5,2,false
596,Dennie Chalcot,Genderqueer,28,Lianpeng,10,119.23,7.7,524,352,Postpaid,1946,Bank Transfer,4,2,5,false
597,Boothe Duval,Male,42,Toupi,11,142.06,4.3,1,55,Contract,3606,Bank Transfer,1,1,3,true
598,Bogey Cregan,Male,56,Garzón,56,76.16,0.5,819,489,Contract,4093,Bank Transfer,0,4,3,false
599,Daphene Emps,Female,59,Rusocice,59,127.18,3.8,172,396,Postpaid,181,Bank Transfer,4,5,0,false
600,Benjie Dionis,Male,60,Bells Corners,32,99.09,0.1,647,345,Contract,166,Auto Pay,3,3,2,false
601,Gay Jailler,Female,22,Phu Phiang,9,26.14,9.2,68,135,Postpaid,3200,Credit Card,4,0,4,true
602,Cross Jiruca,Male,45,Sila Lat,26,109.73,8.9,182,33,Prepaid,4925,Credit Card,0,2,4,true
603,Petronella Gravenall,Female,83,Kungshamn,6,113.58,8.8,402,377,Postpaid,1980,Credit Card,3,3,4,true
604,Charyl Skipper,Female,88,Gudong,11,36.89,8.6,198,298,Postpaid,3353,Credit Card,3,1,2,false
605,Jasmin Lyard,Female,27,Karabas,44,112.19,8.7,585,334,Contract,1200,Credit Card,1,5,1,false
606,Dede McEneny,Non-binary,64,Dawan,13,14.52,1.6,406,249,Prepaid,610,Credit Card,3,5,5,true
607,Vladimir Itzik,Male,82,Norrtälje,12,99.41,5.0,720,274,Postpaid,1205,Credit Card,1,1,2,true
608,Artemas Rudolf,Male,47,Chlewiska,51,147.2,6.2,239,82,Prepaid,2740,Auto Pay,1,4,1,false
609,Johannah Scutcheon,Agender,37,Borova,1,84.14,5.8,981,414,Prepaid,4162,Auto Pay,2,3,4,true
610,Tandy Colleer,Female,49,Sedati,40,103.96,0.7,237,92,Postpaid,4988,Bank Transfer,5,5,3,true
611,Herb Dengate,Male,20,Kasba Tadla,24,39.74,9.3,620,405,Contract,2126,Bank Transfer,0,1,3,true
612,Mariana Cumes,Genderqueer,26,Zongzhai,45,105.39,2.5,766,446,Contract,2552,Credit Card,0,0,0,false
613,Ulrikaumeko Sans,Female,20,Cololaca,25,85.42,0.1,356,491,Prepaid,4665,Auto Pay,5,1,4,true
614,Elianore Boliver,Female,59,Luzern,0,12.41,9.9,789,389,Prepaid,1821,Bank Transfer,2,0,2,true
615,Seamus Grimsey,Male,85,Ad Dīwānīyah,12,18.22,9.7,638,115,Contract,4790,Auto Pay,0,5,4,false
616,Mariejeanne Elfes,Female,38,Gostynin,48,11.3,8.5,946,101,Postpaid,2702,Auto Pay,3,0,4,true
617,Granville Cleobury,Male,39,Pekalongan,58,26.93,8.5,353,258,Contract,3657,Bank Transfer,3,1,0,true
618,Reynard Baudino,Male,96,Georgīevka,4,11.36,4.2,130,186,Contract,2024,Credit Card,1,1,5,true
619,Goldi Cockton,Polygender,62,Sigiriya,54,74.67,6.4,78,356,Postpaid,4116,Credit Card,2,1,4,true
620,Cletus Hansen,Genderfluid,86,Provo,11,104.44,7.3,433,136,Prepaid,3208,Auto Pay,1,5,4,true
621,Shaylyn Loosely,Female,90,Jatinagara Kulon,46,145.93,2.0,496,458,Postpaid,4486,Bank Transfer,0,0,4,false
622,Darb Birchner,Male,47,Limoges,28,87.47,3.5,470,494,Prepaid,1663,Credit Card,4,5,1,true
623,Carmella Ruberti,Female,42,Kapakabisa,14,97.74,3.8,373,129,Prepaid,4807,Credit Card,2,1,0,false
624,Dulce Stainfield,Female,97,Santa Luzia,24,90.64,2.6,705,435,Prepaid,4387,Auto Pay,5,1,3,false
625,Karoly Robbie,Female,40,Shevchenkove,47,25.0,8.7,828,133,Contract,672,Credit Card,0,1,2,true
626,Kacie Sawden,Female,99,Piraju,36,59.98,3.4,3,209,Prepaid,1369,Bank Transfer,5,0,3,true
627,Irwinn Billyeald,Male,30,Czyżowice,49,114.9,3.2,515,411,Contract,855,Credit Card,3,1,2,false
628,Rina Grigorushkin,Female,70,Cuba,18,36.69,6.2,901,264,Postpaid,2693,Bank Transfer,5,2,3,true
629,Kory Itzcovichch,Male,40,Negotino,9,37.6,2.2,96,236,Contract,3883,Credit Card,3,2,0,false
630,Rolf Coverlyn,Male,37,Noginsk,45,62.68,8.6,970,295,Prepaid,3578,Bank Transfer,2,0,3,true
631,Ianthe Whitfeld,Genderqueer,92,Zhajin,14,82.95,5.2,719,464,Prepaid,28,Credit Card,3,1,0,false
632,Baron Lortzing,Male,38,Da’an,47,69.43,4.5,651,358,Contract,771,Bank Transfer,2,0,1,false
633,Wilmer Jarmain,Male,72,Macha,42,2.57,9.3,930,368,Contract,3592,Bank Transfer,3,0,3,true
634,Eldin Hinken,Male,24,Rameshki,6,133.21,2.6,54,454,Contract,4381,Credit Card,1,2,4,false
635,Brandea Jozsef,Female,95,Santa Quitéria do Maranhão,8,30.35,5.7,496,327,Prepaid,2668,Credit Card,0,5,5,false
636,Marven Girdlestone,Male,23,Moriki,26,23.53,0.5,922,108,Postpaid,4753,Credit Card,1,0,3,true
637,Tobin Testro,Male,50,Campo Verde,31,110.48,1.8,559,311,Contract,1192,Bank Transfer,0,5,2,false
638,Tomasine Jills,Female,64,Albacete,13,136.71,3.1,181,236,Contract,2531,Bank Transfer,1,5,3,false
639,Adolpho Gallamore,Male,94,Kwangyang,47,111.62,2.6,348,471,Postpaid,1462,Credit Card,1,1,5,false
640,Dian Pudsall,Female,35,Łąck,31,104.76,4.7,611,420,Contract,1850,Credit Card,5,5,4,true
641,Billie Norrington,Female,71,Żelistrzewo,30,72.66,6.8,785,96,Prepaid,3127,Credit Card,3,3,3,true
642,Iolanthe Gaynsford,Female,99,Cibalieur,46,70.66,8.7,685,338,Postpaid,4927,Bank Transfer,3,4,3,true
643,Dedie Percy,Genderqueer,26,Santa Valha,11,52.44,6.7,238,155,Contract,527,Bank Transfer,1,3,2,true
644,Cherey Quarless,Female,37,Congkar,10,126.78,4.7,913,176,Postpaid,3661,Bank Transfer,0,5,5,true
645,Damara Landall,Female,80,Nairobi,47,135.15,2.1,571,458,Postpaid,3129,Bank Transfer,0,2,0,true
646,Ginny Lapwood,Female,58,Polunochnoye,56,92.54,0.8,934,262,Contract,4791,Bank Transfer,5,3,1,false
647,Anastassia Enright,Female,100,Winnipeg,42,16.05,8.2,255,398,Contract,2767,Bank Transfer,2,0,3,false
648,Hamish Dickons,Male,21,Närpes,44,60.7,7.9,409,0,Postpaid,3366,Credit Card,2,5,0,false
649,Jake Boncore,Male,27,Sv. Anton,38,119.31,7.5,654,217,Prepaid,3384,Credit Card,2,2,0,false
650,Fowler Baldin,Polygender,22,Los Angeles,11,29.81,9.6,980,331,Postpaid,4152,Bank Transfer,0,1,2,true
651,Kipp Magor,Female,78,Kaišiadorys,30,65.05,9.6,191,77,Postpaid,3575,Bank Transfer,3,2,1,true
652,Leupold Vonasek,Male,53,Quinta,58,4.25,2.1,765,41,Postpaid,2502,Bank Transfer,4,3,2,true
653,Halsey Bosence,Agender,48,Grosuplje,19,50.82,2.8,650,65,Postpaid,1934,Credit Card,1,3,4,false
654,Normy Vasiltsov,Male,29,Borkowice,0,66.89,8.2,612,493,Prepaid,1987,Auto Pay,2,4,1,true
655,Valentine Letrange,Male,47,Bulakan,21,70.64,2.6,716,67,Prepaid,1573,Credit Card,4,5,5,false
656,Chad Evamy,Female,61,Xiongbei,47,131.51,2.5,539,491,Postpaid,1643,Auto Pay,4,4,0,true
657,Tom Humerstone,Male,87,Kristiansand S,30,33.22,2.6,193,380,Prepaid,2706,Auto Pay,1,3,2,true
658,Bengt Moatt,Male,73,Korenovsk,59,22.69,3.5,1000,157,Contract,1179,Auto Pay,1,2,0,false
659,Harmonia Gollin,Non-binary,69,Ganyesa,43,10.55,4.4,848,429,Postpaid,126,Bank Transfer,4,4,0,true
660,Clementine Alan,Female,95,Soure,23,19.76,4.3,184,379,Postpaid,4493,Credit Card,0,4,4,true
661,Jennie Lapping,Female,29,Semenivka,60,67.04,9.0,519,376,Prepaid,856,Bank Transfer,2,3,0,true
662,Harriet Lukacs,Female,22,Kyshtym,19,148.58,4.8,18,312,Postpaid,4966,Auto Pay,2,5,0,false
663,Adler Skillanders,Male,24,Ōta,52,16.66,3.1,673,441,Prepaid,3720,Auto Pay,4,1,1,false
664,Brander Frere,Male,68,Adzopé,35,47.07,7.0,552,457,Contract,1884,Credit Card,2,5,0,false
665,Helene Gerrie,Female,34,Caçador,22,135.3,6.0,643,140,Contract,4830,Credit Card,3,5,2,false
666,Raoul Waymont,Male,52,Wenqiao,46,18.36,4.1,558,382,Contract,3326,Bank Transfer,5,0,0,false
667,Anderson Rosenkranc,Male,100,Biliran,17,142.23,3.2,384,438,Prepaid,3929,Auto Pay,5,1,2,true
668,Tamas Sherrington,Male,88,Thetford-Mines,25,36.56,6.3,956,341,Postpaid,2512,Bank Transfer,1,2,2,false
669,Ad Ianno,Male,84,Jarry,56,142.24,1.5,37,374,Prepaid,878,Auto Pay,5,0,5,true
670,Josie Nowak,Female,81,Skien,14,102.94,7.8,102,124,Contract,2536,Auto Pay,3,0,2,false
671,Ichabod Daveley,Male,74,Mountain View,40,38.96,9.4,543,59,Prepaid,3821,Auto Pay,2,0,1,false
672,Hildagard Gorden,Bigender,73,Shancheng,9,93.74,5.5,18,383,Prepaid,1714,Auto Pay,2,0,4,true
673,Rock Coggeshall,Male,81,Sukadana,0,111.1,1.7,15,49,Postpaid,3048,Auto Pay,4,4,2,true
674,Kory Rounsefull,Male,88,Valle Grande,37,21.19,6.0,700,67,Contract,1434,Auto Pay,1,2,0,false
675,Noel Dicker,Male,89,Kaka,58,39.74,6.2,860,436,Prepaid,3554,Credit Card,3,3,3,true
676,Gerrilee Eyres,Female,77,Egindiköl,53,4.21,4.8,168,139,Postpaid,3411,Bank Transfer,0,0,5,true
677,Vasily Kubatsch,Male,27,Homagama,44,36.87,7.8,328,189,Contract,4476,Bank Transfer,0,3,0,false
678,Gnni Kringe,Female,86,Bom Jesus da Lapa,59,1.41,6.7,273,370,Contract,2070,Auto Pay,0,2,3,false
679,Mikaela Crighton,Female,61,Munggang,27,116.42,9.0,446,355,Prepaid,4937,Bank Transfer,0,2,1,false
680,Ogdan Wyer,Male,66,Ternopil’,2,130.73,2.0,757,310,Prepaid,3027,Credit Card,5,2,5,false
681,Belia Hoffman,Female,98,Douba,31,112.6,0.5,102,193,Prepaid,830,Auto Pay,4,4,4,true
682,Helene Clemont,Female,72,Serrinha,52,7.49,3.6,631,467,Contract,1008,Auto Pay,1,1,0,true
683,Hyacinthie Tann,Female,60,Shangtang,58,77.65,1.2,726,94,Prepaid,4306,Credit Card,2,5,5,false
684,Hank Schonfeld,Male,51,Midland,58,14.76,5.2,350,350,Contract,847,Bank Transfer,5,2,4,false
685,Jarrid Pieracci,Non-binary,34,Cañada de Gómez,3,35.9,6.6,161,39,Contract,990,Bank Transfer,5,2,4,false
686,Dwain Leyton,Male,40,Kuangsan,10,94.28,1.8,653,194,Contract,2796,Credit Card,0,2,5,false
687,Klaus Melby,Male,84,Xiejiaya,11,77.63,3.8,37,184,Contract,3383,Bank Transfer,4,5,4,false
688,Pip Janicki,Male,54,Černošín,25,105.21,4.1,660,368,Postpaid,1238,Bank Transfer,1,3,5,false
689,Ofilia Broster,Polygender,38,Marseille,23,25.5,3.8,964,352,Prepaid,3025,Bank Transfer,1,0,2,true
690,Vitoria Skinner,Female,70,La Unión,33,40.59,6.1,219,68,Contract,4064,Auto Pay,3,4,0,true
691,Noel Lindenman,Female,91,Libu,46,47.91,3.5,603,493,Postpaid,1985,Auto Pay,1,0,4,false
692,Silvano Badder,Male,59,La Ravoire,6,14.6,5.2,498,143,Postpaid,216,Auto Pay,3,1,3,false
693,Lucille Ferronel,Genderfluid,31,Nāḩiyat Hīrān,0,119.54,9.7,562,40,Prepaid,1578,Credit Card,3,2,2,true
694,Cos Wiltshaw,Male,99,Brataj,26,95.09,1.3,615,212,Postpaid,1764,Credit Card,5,2,0,true
695,Lilllie Louth,Female,87,Yarumal,48,53.95,1.0,347,306,Prepaid,2242,Bank Transfer,3,5,0,false
696,Sharron Swaffer,Female,40,Hamburg,35,114.02,2.3,973,153,Prepaid,3894,Bank Transfer,4,0,0,true
697,Jolene Bissett,Female,77,Konkwesso,4,78.04,8.1,942,104,Postpaid,1119,Credit Card,3,0,1,false
698,Goldia Siviour,Female,92,Mazār-e Sharīf,37,101.85,4.0,276,360,Postpaid,2833,Bank Transfer,4,2,0,false
699,Barbe Daymont,Genderfluid,53,Thị Trấn Quan Hóa,3,117.08,1.8,707,124,Contract,4200,Credit Card,1,5,1,false
700,Randi Ethelstone,Male,85,Gudauta,2,91.32,6.1,16,173,Prepaid,3612,Credit Card,3,1,2,true
701,Cam Copes,Female,49,Bailang,9,8.84,3.6,644,273,Prepaid,1332,Bank Transfer,1,5,3,true
702,Svend Bateman,Genderfluid,81,Taihe Chengguanzhen,52,112.66,5.8,441,285,Postpaid,16,Credit Card,0,2,2,false
703,Oberon Dowley,Genderqueer,72,Makueni,54,124.83,1.0,330,110,Postpaid,1484,Credit Card,3,1,2,true
704,Ruprecht Stott,Male,60,Trai Ngau,36,1.86,1.4,119,204,Contract,2966,Credit Card,1,3,5,true
705,Cyrillus Gascar,Male,83,Pancoran,31,57.6,7.5,854,307,Contract,4704,Credit Card,4,2,4,true
706,Lissie Suermeiers,Female,71,Jalālpur Pīrwāla,55,15.01,6.4,569,122,Contract,3768,Bank Transfer,0,3,3,false
707,Bryna Alleyne,Female,79,Louguan,26,76.69,6.0,939,183,Postpaid,2790,Auto Pay,5,4,1,true
708,Petr Hullock,Male,40,Kuusjoki,55,87.55,9.5,922,368,Postpaid,4090,Auto Pay,2,3,4,false
709,Alf Simonian,Male,48,Aţ Ţafīlah,9,7.51,1.3,377,48,Postpaid,584,Credit Card,3,1,0,false
710,Barbe Oxenbury,Female,81,Carepa,0,49.38,9.3,79,485,Contract,4139,Credit Card,1,2,4,true
711,Bobbi Hampton,Female,26,Bošovice,54,17.46,3.0,965,40,Prepaid,1994,Auto Pay,0,2,3,true
712,Kessia Poad,Female,93,Grzmiąca,14,111.46,6.2,99,119,Prepaid,2802,Credit Card,4,5,0,true
713,Margie Ellcome,Female,66,Dąbrowice,57,136.75,9.1,83,8,Contract,3044,Bank Transfer,4,5,3,true
714,Edd Benkhe,Male,70,Sandy Bay,30,62.12,1.7,844,201,Contract,1380,Credit Card,4,1,5,true
715,Siward Carillo,Male,42,Thạnh Hóa,7,85.58,1.7,792,318,Contract,1537,Auto Pay,0,5,5,false
716,Broddie Rimmer,Male,82,Sukorejo,48,126.45,2.8,211,396,Contract,2316,Auto Pay,2,5,0,false
717,Angelita Crowder,Female,93,Artemisa,51,57.54,4.3,377,197,Postpaid,3145,Credit Card,3,3,2,true
718,Brandy Pumphrey,Female,93,Yangzi Jianglu,4,84.16,4.0,796,259,Prepaid,2233,Bank Transfer,5,5,5,false
719,Ammamaria Tilt,Female,79,Bledzew,36,141.67,0.7,539,438,Postpaid,1354,Credit Card,3,1,5,true
720,Logan Jeske,Agender,91,Peruíbe,30,113.59,8.0,331,36,Postpaid,1876,Auto Pay,2,4,2,false
721,Nicola Hymers,Male,44,Shangying,15,104.5,7.5,832,471,Postpaid,1168,Auto Pay,2,2,3,false
722,Barris Camilletti,Male,98,Jablanovec,12,56.17,6.0,344,11,Contract,938,Credit Card,2,5,3,false
723,Saunderson Gooders,Male,32,Oele,26,127.66,3.7,633,239,Contract,108,Credit Card,1,3,2,false
724,Fayette Walisiak,Female,58,Pendembu,13,138.72,0.1,438,363,Postpaid,2235,Bank Transfer,0,0,1,false
725,Karrah Innott,Female,59,Xiacang,26,81.83,6.9,926,458,Contract,4331,Credit Card,0,3,3,true
726,Jesse Bannon,Male,98,Orahovica Donja,29,122.78,9.7,545,289,Postpaid,340,Bank Transfer,2,2,1,true
727,Ethel Copo,Female,55,Burns Lake,41,120.3,4.8,684,373,Prepaid,1286,Auto Pay,3,5,0,true
728,Tuesday Dehmel,Female,66,Laborde,59,31.83,9.7,72,13,Postpaid,1173,Bank Transfer,0,0,5,true
729,Erie Kennifick,Male,24,Khūgyāṉī,42,83.16,8.3,528,350,Contract,2667,Auto Pay,0,4,5,true
730,Ivor Hulks,Genderqueer,50,Göteborg,32,40.13,3.7,803,328,Postpaid,3869,Bank Transfer,2,1,0,false
731,Giacobo Albasiny,Male,23,Luzhuangzi,20,22.93,1.7,401,286,Postpaid,1153,Credit Card,1,2,5,false
732,Syd Barukh,Male,35,Yotala,37,22.52,9.7,139,447,Contract,3602,Auto Pay,5,2,1,true
733,Wayland Powland,Male,25,San Vicente,17,119.95,8.3,575,98,Postpaid,4282,Bank Transfer,1,3,2,true
734,Jessa Phizakarley,Female,73,Jablonec nad Nisou,21,37.01,5.5,667,216,Postpaid,1515,Auto Pay,4,5,0,false
735,Arnaldo McAless,Male,37,Huruta,29,28.21,9.1,300,312,Contract,3707,Auto Pay,0,5,2,true
736,Germain Clabburn,Male,36,Outeiro Seco,15,91.47,6.3,767,29,Contract,455,Auto Pay,5,0,4,true
737,Pepito Lindermann,Male,90,Klavdiyevo-Tarasove,31,115.38,3.1,332,108,Contract,4631,Auto Pay,0,0,2,false
738,Kilian Royl,Male,88,Tapakrejo,59,149.78,7.3,499,356,Contract,4933,Credit Card,4,0,4,false
739,Joli Cund,Female,80,Seshcha,47,57.21,0.3,526,303,Contract,4985,Auto Pay,0,1,2,false
740,Ludovika Olpin,Female,78,Sobreira,12,87.24,2.3,215,154,Prepaid,3474,Credit Card,2,0,1,true
741,Jocelyn Eccleston,Female,25,Novalja,49,22.13,7.9,365,193,Postpaid,1549,Bank Transfer,3,5,5,true
742,Maye Cristofor,Female,46,General La Madrid,17,122.62,4.0,695,71,Contract,4627,Bank Transfer,3,5,1,true
743,Norbert Murr,Male,39,Juegang,12,60.38,8.6,941,74,Postpaid,2731,Auto Pay,3,2,1,false
744,Dorise Mooney,Female,68,Quinua,0,112.28,6.5,451,269,Contract,875,Bank Transfer,0,1,0,false
745,Enos Millard,Male,78,Daxindian,38,57.28,6.5,229,424,Contract,45,Credit Card,2,0,1,false
746,Isidro Whitsun,Male,89,Yangp'yŏng,59,134.53,0.8,519,319,Postpaid,3697,Bank Transfer,1,4,4,false
747,Jourdain Croall,Male,30,Cergy-Pontoise,44,52.62,6.7,773,4,Prepaid,4812,Bank Transfer,4,2,2,false
748,Olivier Naldrett,Male,93,Gongpo,29,116.17,8.4,138,416,Prepaid,2063,Credit Card,5,1,3,false
749,Skylar Sentance,Male,96,Loma Bonita,56,16.44,3.3,907,273,Postpaid,3494,Credit Card,1,5,0,false
750,Marquita Huston,Female,82,Přimda,27,52.41,4.3,487,36,Prepaid,1859,Credit Card,1,3,1,true
751,Dione Gaine,Female,23,Klokot,25,62.26,7.9,14,274,Prepaid,1490,Auto Pay,3,3,1,true
752,Sheffy Roobottom,Male,63,Xuedian,17,84.85,3.0,176,392,Postpaid,1031,Bank Transfer,5,0,0,false
753,Pearla Cockshtt,Female,78,Twardawa,38,39.13,4.2,250,290,Prepaid,3042,Credit Card,3,3,4,true
754,Alejandra Tibb,Female,71,Serra Talhada,12,97.71,0.8,864,371,Postpaid,2947,Credit Card,5,3,5,true
755,Elsinore Reaper,Female,52,Guanay,18,43.36,4.8,964,328,Prepaid,3815,Bank Transfer,0,5,5,false
756,Corenda McAndrew,Female,81,Għaxaq,53,100.59,2.7,751,411,Prepaid,2595,Bank Transfer,3,2,0,true
757,Alameda Travis,Female,21,Daxi,27,36.52,3.8,417,312,Prepaid,2332,Auto Pay,3,2,1,false
758,Gav Tertre,Male,98,Kuloy,2,66.13,2.4,625,430,Postpaid,1935,Auto Pay,2,2,1,true
759,Kelsey Gauvain,Male,57,Biasong,4,110.23,4.3,136,243,Contract,2110,Auto Pay,4,5,2,false
760,Dunn Diche,Male,63,Palena,60,42.29,4.3,759,251,Contract,1131,Credit Card,1,4,3,true
761,Che Hares,Male,18,Maykopskoye,3,111.43,2.5,737,267,Postpaid,4334,Credit Card,3,4,4,true
762,Denise Barta,Female,100,Idhnā,28,94.62,6.0,405,146,Contract,1476,Auto Pay,3,2,1,false
763,Gilli Ewenson,Female,31,Tillabéri,55,104.88,2.4,78,189,Contract,4197,Bank Transfer,2,1,5,false
764,Clarisse Ronald,Female,57,Vol’nyy Aul,21,15.46,3.5,61,31,Prepaid,2301,Auto Pay,0,5,1,false
765,Kippy Howles,Female,90,Ruen,31,21.56,8.2,83,366,Postpaid,454,Auto Pay,4,3,0,true
766,Artemis Proswell,Male,71,Sousa,2,144.55,5.7,725,368,Contract,4142,Bank Transfer,4,0,1,false
767,Garry Graeser,Male,34,Qingyuan,31,70.75,8.7,239,124,Contract,1289,Credit Card,3,2,0,true
768,Padraic Clandillon,Male,41,San Lucas Sacatepéquez,14,128.26,2.3,904,381,Contract,3563,Auto Pay,0,4,3,true
769,Derby Twittey,Male,37,Charxin,34,122.99,8.4,225,402,Postpaid,3109,Credit Card,4,1,2,false
770,Shae Adney,Male,41,Fuqiang,49,39.46,9.3,204,259,Postpaid,3430,Credit Card,1,2,3,false
771,Bertrando Cosby,Male,89,Donskoye,28,129.22,7.7,239,470,Contract,1050,Credit Card,0,3,1,true
772,Kare Vawton,Female,25,Gejiu,58,66.11,5.4,975,60,Contract,395,Bank Transfer,2,2,1,true
773,Shepperd Woodus,Male,47,Khryashchevka,53,102.98,1.9,151,247,Prepaid,3859,Bank Transfer,5,3,1,true
774,Ros Milkins,Female,43,Dongxi,12,84.45,5.6,549,457,Prepaid,4596,Credit Card,0,4,2,false
775,Hube Snoad,Male,96,Vendargues,3,10.35,0.9,364,52,Postpaid,2743,Bank Transfer,1,1,0,false
776,Mycah Takle,Male,91,Yanahuaya,37,27.27,2.1,878,76,Prepaid,1418,Auto Pay,1,3,3,false
777,Ricca Attride,Female,30,Narutochō-mitsuishi,36,15.35,2.8,63,121,Contract,3895,Credit Card,1,5,2,true
778,Donia Grzeskowski,Female,91,Dazhou,12,64.65,8.4,428,363,Postpaid,3650,Bank Transfer,5,1,1,true
779,Pauly Doodson,Female,26,Goya,14,39.38,9.1,673,164,Postpaid,2818,Bank Transfer,5,3,5,false
780,Jules Marple,Polygender,71,Paso de los Libres,24,37.05,7.7,599,489,Postpaid,3662,Bank Transfer,4,1,2,false
781,Moises Downton,Male,46,Xiaojie,42,132.67,2.8,33,50,Postpaid,3750,Bank Transfer,4,0,4,false
782,Onida Allwell,Female,30,Tingzhou,7,119.72,9.0,372,75,Contract,3126,Bank Transfer,5,0,3,false
783,Tomlin Ismirnioglou,Male,75,Ngori,12,9.92,1.4,953,91,Contract,243,Bank Transfer,0,0,1,false
784,Susanna Artin,Female,59,Truskavets,4,88.76,1.0,638,12,Postpaid,170,Auto Pay,1,4,3,true
785,Maximilien Zoppie,Male,49,Haikou,33,117.12,8.8,727,97,Prepaid,3206,Auto Pay,5,4,0,true
786,Stacy Zini,Male,70,Malko Tŭrnovo,55,124.41,5.5,323,181,Prepaid,2812,Auto Pay,2,5,2,true
787,Euell Akitt,Non-binary,50,Wierzbica,16,59.28,7.2,612,267,Postpaid,2839,Credit Card,3,5,5,true
788,Nessy Haslock(e),Female,52,Kuźnia Raciborska,51,99.72,2.8,601,294,Postpaid,3817,Credit Card,0,1,1,false
789,Clemmie Marzellano,Female,48,Marseille,43,31.32,7.1,995,132,Postpaid,1474,Bank Transfer,0,3,3,false
790,Wildon Skirling,Male,41,Bandar-e Ganāveh,5,120.89,6.7,653,182,Contract,1448,Bank Transfer,2,5,0,false
791,Allina Jakel,Female,38,Qingxi,22,132.02,2.5,602,94,Contract,2448,Auto Pay,5,4,0,false
792,Mayor Teacy,Male,91,Lansing,12,138.17,9.8,945,449,Contract,4500,Bank Transfer,5,5,2,false
793,Bogart Christy,Male,30,Culacling,7,37.76,7.8,193,498,Prepaid,3925,Auto Pay,0,1,0,false
794,Colette Pobjay,Female,78,Jāsim,15,67.36,3.6,609,418,Postpaid,2017,Credit Card,0,1,1,true
795,Phyllida Gettings,Female,89,Malonty,8,89.31,9.0,125,227,Prepaid,490,Credit Card,4,0,2,false
796,Skyler Clemits,Genderqueer,36,Shostka,41,3.48,5.7,41,194,Prepaid,4368,Credit Card,2,2,4,true
797,Ross Sartain,Polygender,81,Maiwal,43,127.59,6.2,41,19,Postpaid,3015,Credit Card,4,4,5,false
798,Culver Cohrs,Male,48,Ningyuan,20,115.15,2.8,861,357,Contract,471,Auto Pay,1,2,4,true
799,Lucretia Radloff,Female,32,Mahekou,22,107.2,9.6,472,389,Contract,4758,Auto Pay,4,3,1,true
800,Loleta Koop,Female,100,San Isidro,22,127.66,8.1,228,355,Prepaid,1724,Auto Pay,4,0,0,false
801,Aldis Corbishley,Male,33,Agrela,6,38.0,9.3,543,414,Postpaid,3880,Bank Transfer,1,0,1,false
802,Edita Boothe,Polygender,84,Gijon,49,32.51,9.9,786,237,Postpaid,4222,Credit Card,5,4,2,true
803,Maisie Gee,Female,88,Torzhok,3,99.46,9.2,678,37,Prepaid,2444,Bank Transfer,5,3,2,false
804,Salomone Downgate,Male,27,K’anak’erravan,56,58.33,3.3,417,478,Postpaid,4523,Bank Transfer,0,3,3,true
805,Gordan McDyer,Male,35,Artur Nogueira,46,99.71,3.3,836,194,Postpaid,3692,Bank Transfer,5,2,4,false
806,Ninnetta Pietruszka,Female,69,Tikiw,59,31.57,5.7,469,251,Prepaid,4793,Auto Pay,2,1,2,false
807,Corine Dyball,Female,35,Chaihu,13,136.86,2.9,12,161,Contract,1847,Credit Card,5,2,2,true
808,Rorie Vowels,Female,39,San Juan del Cesar,15,136.16,5.6,54,415,Postpaid,668,Auto Pay,3,0,0,false
809,Tiebout Croxall,Polygender,26,Nampicuan,24,85.28,8.1,672,255,Postpaid,1661,Auto Pay,3,2,0,false
810,Lyndsie Snazle,Female,47,Jinzipai,31,18.33,2.2,138,1,Postpaid,1968,Bank Transfer,0,3,3,false
811,Corissa Doble,Female,91,Kapitanivka,41,110.41,1.7,531,187,Contract,133,Credit Card,3,4,1,true
812,Evaleen Perring,Female,64,Ho,4,56.92,8.8,957,328,Contract,3319,Auto Pay,1,2,2,true
813,Conant Gameson,Male,93,Pemba,19,83.84,7.2,722,19,Prepaid,4966,Auto Pay,4,4,2,true
814,Doloritas Aplin,Female,24,Sanqu,43,50.05,0.4,294,288,Prepaid,1204,Credit Card,4,3,1,true
815,Analise Cornhill,Female,21,Armenia,40,27.66,1.7,509,115,Postpaid,4333,Auto Pay,0,5,5,false
816,Saba Zywicki,Female,35,Awar-awar,4,57.71,6.0,232,129,Prepaid,2782,Credit Card,1,3,5,true
817,Aleece Kment,Female,87,Baishui,22,68.99,0.2,977,418,Contract,3500,Auto Pay,2,4,5,false
818,Cassandra Croxley,Female,28,Tangdukou,21,147.23,9.1,729,26,Prepaid,894,Auto Pay,3,0,4,true
819,Corty Cowap,Male,31,Bassar,3,138.35,1.7,943,166,Contract,4509,Credit Card,5,2,0,true
820,Jeanine Seath,Female,61,Vulcan,15,148.81,1.4,759,471,Prepaid,2645,Credit Card,3,3,0,false
821,Ber Metcalf,Male,66,Suwałki,45,48.18,1.5,700,100,Prepaid,3075,Bank Transfer,3,5,0,false
822,Herold Medler,Male,53,Lidečko,10,120.33,2.3,476,83,Postpaid,3580,Auto Pay,1,2,5,true
823,Almire Rous,Female,67,Sumurgayam,10,15.36,9.0,451,367,Postpaid,3631,Credit Card,1,0,2,false
824,Sharyl Trimby,Female,29,Ambelón,19,66.52,8.1,747,433,Postpaid,2396,Bank Transfer,5,1,1,true
825,Giuditta Hawton,Female,52,San Esteban,52,73.9,8.7,179,175,Contract,4713,Credit Card,4,2,0,true
826,Melinda Fontell,Female,37,Tolosa,45,110.18,9.2,429,408,Prepaid,3146,Credit Card,0,3,3,false
827,Olia Brachell,Female,45,Perm,14,65.82,1.8,453,453,Postpaid,3585,Bank Transfer,0,2,0,true
828,Tess Tailby,Female,97,Xaçmaz,54,63.66,2.5,183,245,Prepaid,2177,Credit Card,5,2,1,false
829,Rivalee Gammel,Female,31,Protaras,8,51.85,1.0,394,112,Postpaid,3279,Auto Pay,3,0,2,false
830,Elsy Cansfield,Female,55,Katovice,38,77.12,3.7,126,479,Contract,2058,Auto Pay,3,0,1,true
831,Charis Pleavin,Female,41,Hulan,2,58.66,8.6,451,250,Postpaid,4450,Auto Pay,0,4,1,false
832,Percy Dresser,Male,60,Conner,39,107.36,8.6,171,342,Prepaid,2927,Credit Card,5,5,4,true
833,Kelly Burch,Genderfluid,98,Sete Cidades,39,125.12,1.8,914,230,Prepaid,2368,Bank Transfer,5,5,2,true
834,Brade Barg,Male,48,Châu Thành,19,1.29,2.9,802,378,Prepaid,1474,Bank Transfer,3,0,1,false
835,Marylin Triggle,Female,73,Tālīn,24,73.71,9.4,596,210,Postpaid,1355,Auto Pay,2,3,4,false
836,Norris Kornas,Male,65,Ete,48,65.57,2.0,882,366,Postpaid,2564,Auto Pay,2,0,4,false
837,Winn Ablott,Male,83,Vinica,20,105.7,5.2,587,260,Prepaid,1171,Auto Pay,3,4,2,true
838,Derrick Fearnley,Male,63,Heshang,20,117.25,5.3,304,27,Postpaid,3979,Credit Card,3,3,4,true
839,Melodie Baudic,Female,88,Mersa Matruh,51,85.44,0.2,426,392,Contract,3169,Bank Transfer,3,0,2,false
840,Sheffield Absalom,Male,58,Monte Carmelo,6,3.3,1.6,257,69,Postpaid,349,Bank Transfer,3,5,4,true
841,Nicko Burcher,Male,47,Semarapura,27,59.41,6.1,597,301,Postpaid,2206,Credit Card,3,1,0,false
842,Meyer Fenwick,Male,71,San Rafael Abajo,14,24.42,8.7,957,21,Prepaid,4954,Auto Pay,2,3,1,true
843,Laurie Pringle,Polygender,55,Esposende,27,92.97,6.7,951,499,Contract,2241,Auto Pay,3,2,1,true
844,Zandra MacTavish,Female,32,Thívai,32,58.43,4.3,565,475,Prepaid,1545,Auto Pay,2,2,1,true
845,Kristoforo Mallatratt,Male,65,Maicao,12,143.05,7.5,205,379,Postpaid,765,Auto Pay,1,2,3,true
846,Elyssa Cassels,Female,40,Xinkai,52,23.93,4.0,49,438,Contract,1532,Bank Transfer,4,3,0,true
847,Wallie Dorricott,Female,54,Prince Edward,52,7.09,6.5,672,16,Contract,1850,Auto Pay,3,2,0,true
848,Darryl Brandoni,Bigender,75,Marigot,24,143.77,7.4,133,88,Prepaid,1384,Credit Card,3,0,5,false
849,Jermaine Dwyer,Non-binary,57,Kerċem,60,96.64,8.1,854,221,Prepaid,983,Auto Pay,3,2,2,true
850,Glory Akers,Female,48,Beau Vallon,50,123.35,2.6,594,411,Prepaid,4435,Credit Card,2,0,3,true
851,Marnie Thorold,Female,77,Bairro do Margaça,49,96.95,0.6,278,166,Contract,3303,Auto Pay,1,3,2,false
852,Bobine Dingle,Female,93,Alderetes,11,51.21,2.2,203,210,Postpaid,1566,Credit Card,5,0,4,true
853,Darda Tuohy,Female,87,Shāhīn Dezh,17,96.42,6.6,641,393,Contract,1143,Auto Pay,4,0,5,true
854,Olimpia Keeney,Female,91,Deneysville,39,36.55,4.9,818,411,Contract,3990,Bank Transfer,2,1,1,true
855,Blondy Sweeting,Female,89,Gaplokan,11,116.03,4.2,310,414,Prepaid,3924,Bank Transfer,2,1,2,true
856,Micky Hughf,Male,32,Passos,47,36.07,7.5,849,73,Postpaid,3295,Bank Transfer,3,5,2,false
857,Ferd Chene,Male,91,Kayan,43,77.7,0.6,920,36,Prepaid,3208,Credit Card,1,3,0,true
858,Field Trawin,Male,67,Cavinti,31,62.66,3.9,224,437,Contract,923,Bank Transfer,4,4,2,true
859,Skipper Dodsworth,Male,32,Demir Hisar,8,118.48,0.2,979,222,Postpaid,3359,Credit Card,0,3,0,true
860,Nicholas Selby,Male,21,Pingding,59,74.86,1.8,5,71,Prepaid,3439,Bank Transfer,1,1,2,false
861,Margaux Blessed,Female,49,Arkalyk,50,92.75,6.6,510,308,Postpaid,2670,Bank Transfer,4,3,4,false
862,Orelia O'Calleran,Female,63,Shilovo,45,13.85,7.2,297,284,Postpaid,2031,Auto Pay,2,5,0,false
863,Bonny Cave,Agender,68,Taihe Chengguanzhen,10,43.82,1.8,894,493,Prepaid,4866,Auto Pay,3,3,2,true
864,Hanny Benardeau,Female,95,Sukajadi,10,127.3,0.2,486,196,Postpaid,4516,Bank Transfer,4,4,4,true
865,Chariot Gribbon,Male,72,Garahaji,46,125.76,6.1,195,209,Prepaid,4125,Bank Transfer,5,0,2,true
866,Frazier Erridge,Male,42,Palmas,39,80.71,9.4,378,367,Postpaid,588,Bank Transfer,4,3,3,false
867,Doris Agerskow,Female,62,Pamiers,45,128.48,8.1,862,421,Prepaid,3870,Bank Transfer,5,1,2,true
868,Grata Tows,Female,62,Cabo,15,53.51,6.1,550,11,Postpaid,3980,Auto Pay,2,3,2,true
869,Tybalt Rosenhaus,Male,76,Aachen,13,7.75,8.9,861,464,Postpaid,1455,Bank Transfer,0,2,2,true
870,Der Lerego,Male,73,Žitenice,25,85.97,8.6,980,163,Prepaid,1975,Auto Pay,1,0,2,true
871,Yankee Batt,Male,42,Taitung City,9,116.92,3.3,95,473,Contract,4855,Credit Card,2,3,1,false
872,Arluene Theobalds,Female,51,Druju,32,65.53,7.6,204,51,Postpaid,1691,Bank Transfer,4,5,3,true
873,Colver Cordelette,Male,64,Spring,58,148.96,0.7,650,136,Prepaid,3730,Bank Transfer,2,2,0,true
874,Arvie Frarey,Male,51,Palestina,57,37.81,8.7,741,26,Prepaid,337,Credit Card,3,0,5,false
875,Lolita Titcom,Female,54,Barbaza,50,103.19,2.5,364,220,Prepaid,2814,Bank Transfer,1,1,2,true
876,Adolphe Charters,Male,64,Ōmuta,3,110.26,7.0,71,179,Prepaid,4556,Credit Card,5,1,1,true
877,Jeffrey Barron,Male,80,Sukhirin,12,128.22,6.9,594,44,Prepaid,2446,Auto Pay,3,1,4,false
878,Duffie Cleave,Male,19,Ciburial,25,68.42,4.3,709,358,Contract,1055,Credit Card,2,0,1,true
879,Fredrick Embury,Male,19,Novopokrovskaya,14,0.47,1.5,552,328,Contract,2596,Bank Transfer,4,1,2,true
880,Peggie Knights,Female,95,Lagawe,60,140.73,7.2,91,4,Contract,3843,Auto Pay,3,5,1,false
881,Rosy Livett,Female,75,Ust’-Omchug,37,95.52,0.8,844,123,Contract,2794,Auto Pay,1,1,2,false
882,Esteban Dunguy,Bigender,86,Umeå,23,79.77,6.4,173,22,Postpaid,2369,Credit Card,0,2,3,false
883,Neely Hissett,Female,73,Ad Dilam,5,38.39,1.0,715,260,Contract,4035,Auto Pay,4,5,2,false
884,Bel Darnell,Female,23,Alindao,27,84.8,1.0,585,279,Postpaid,2147,Credit Card,1,1,2,false
885,Savina MacCleod,Female,27,Kuching,12,100.56,3.1,894,132,Contract,1731,Bank Transfer,2,5,0,false
886,Zerk Silverson,Male,75,Paris 13,8,17.13,7.2,394,238,Contract,155,Bank Transfer,1,4,1,false
887,Carolyne Hoogendorp,Female,54,Gjoçaj,8,113.89,7.3,322,481,Postpaid,4792,Auto Pay,0,1,1,true
888,Jone Coase,Male,78,Avesta,29,84.15,9.1,537,38,Contract,4867,Credit Card,3,4,1,true
889,See Franey,Male,91,Guihuaquan,17,22.83,8.4,749,70,Postpaid,321,Auto Pay,0,5,5,true
890,Demetri Fitchell,Male,96,Longgang,16,132.15,1.1,260,486,Prepaid,3933,Credit Card,1,3,4,true
891,Launce Goldston,Male,47,Bošovice,52,84.16,5.8,682,3,Contract,4641,Bank Transfer,5,2,5,false
892,Iona Breewood,Female,84,Khānewāl,50,122.57,8.5,260,229,Contract,3681,Credit Card,3,5,1,true
893,Melvyn Estable,Male,92,Ping’an,51,108.26,5.7,541,494,Contract,3766,Bank Transfer,0,2,1,true
894,Rebeka Burrill,Female,47,Pital,27,103.65,5.1,458,285,Contract,2994,Auto Pay,0,2,5,true
895,Jermaine Bernardes,Bigender,85,Anwen,3,51.46,9.5,967,473,Prepaid,2293,Credit Card,5,2,0,true
896,Kenny Frost,Male,66,Las Garcitas,20,57.8,7.1,43,485,Prepaid,1387,Auto Pay,2,3,3,true
897,Meta Capun,Female,87,Sobhādero,0,86.19,7.2,423,399,Prepaid,4516,Credit Card,0,0,5,true
898,Saunder Sictornes,Agender,32,Kuching,49,142.72,9.8,775,55,Postpaid,4089,Bank Transfer,5,2,5,true
899,Dieter Campes,Male,48,Kaduseeng,47,101.69,6.4,783,357,Prepaid,2377,Bank Transfer,4,0,0,false
900,Betteanne Keble,Female,39,Tinogasta,48,114.74,7.5,531,135,Contract,65,Bank Transfer,1,0,0,true
901,Cordie Dyke,Male,74,Koh Tao,12,8.6,2.5,54,140,Prepaid,590,Bank Transfer,2,3,4,true
902,Thurston Nowell,Male,26,Souran,31,144.73,9.9,242,446,Prepaid,3672,Auto Pay,4,5,1,true
903,Findley Bednall,Male,96,Ndofane,52,105.2,9.7,437,192,Prepaid,1228,Bank Transfer,1,0,5,false
904,Tine Ciementini,Female,56,Daxing,27,18.66,2.3,573,260,Contract,3283,Auto Pay,3,1,3,false
905,Mahala Higford,Female,51,Sanxi,40,147.69,6.8,121,107,Postpaid,1555,Auto Pay,3,0,2,true
906,Hogan Gowans,Male,96,Martin,34,115.13,7.4,841,48,Postpaid,3777,Auto Pay,4,3,2,false
907,Vittoria Lafontaine,Genderfluid,26,Sanli,0,25.81,0.5,424,299,Postpaid,4964,Auto Pay,3,0,3,false
908,Colman Hollingdale,Bigender,28,L'Assomption,59,4.84,8.5,6,229,Prepaid,1561,Credit Card,0,2,4,false
909,Roosevelt McComiskie,Male,37,Redinha,9,116.63,8.6,649,229,Postpaid,4548,Credit Card,0,5,5,false
910,Vanya Boast,Male,81,Podgornaya,49,121.69,3.9,724,458,Postpaid,2017,Auto Pay,5,0,3,false
911,Liva Fautly,Female,68,Sempu,17,16.08,2.3,206,395,Postpaid,4513,Credit Card,3,3,2,false
912,Lanny Downe,Male,29,Zīrakī,29,108.28,7.5,841,182,Postpaid,4423,Auto Pay,0,2,5,true
913,Karissa Fawdry,Female,83,Nakło nad Notecią,23,113.11,4.3,120,61,Contract,4618,Credit Card,5,3,5,false
914,Dewie Fiddy,Polygender,91,Santa Clara,12,39.73,2.0,631,309,Postpaid,3124,Credit Card,1,0,0,false
915,Gussi Sunshine,Female,66,Wangchang,11,134.5,7.2,710,101,Postpaid,4080,Bank Transfer,0,1,3,true
916,Winnie Jankiewicz,Male,24,Boneng,47,68.18,3.8,895,295,Prepaid,1179,Credit Card,5,0,3,true
917,Petrina Hallard,Female,95,Bambuí,29,31.72,6.0,67,475,Postpaid,4137,Credit Card,2,1,1,false
918,Ronni Drinan,Female,57,Kalnibolotskaya,25,23.25,7.8,663,234,Postpaid,4508,Bank Transfer,5,0,2,true
919,Issy Silversmidt,Bigender,28,Lavradio,28,133.82,8.2,546,333,Contract,504,Bank Transfer,5,0,1,false
920,Erastus Blazynski,Male,66,Penedo,45,12.43,4.9,269,219,Postpaid,4780,Credit Card,3,5,1,false
921,Deerdre Fasset,Female,64,Mundybash,56,62.56,5.1,277,294,Postpaid,4569,Credit Card,3,1,1,true
922,Skipper Domonkos,Genderqueer,66,Xiayang,21,30.67,1.4,247,416,Prepaid,1709,Credit Card,1,0,1,true
923,Clemente Canwell,Male,75,Pančevo,11,44.93,0.3,441,307,Postpaid,2236,Bank Transfer,0,3,1,false
924,Bobbie Burder,Male,41,Pingshanhu,7,132.22,6.3,643,463,Postpaid,2787,Bank Transfer,2,3,3,true
925,Chicky Millhouse,Male,30,Grand Rapids,16,78.34,8.1,66,82,Postpaid,1843,Credit Card,4,3,0,true
926,Selina Pleaden,Female,21,Atlanta,33,127.14,4.2,453,145,Contract,776,Bank Transfer,0,3,5,false
927,Freeman Crompton,Male,76,Lungaog,10,46.08,7.2,404,19,Prepaid,1953,Credit Card,0,2,2,false
928,Natalie Bailie,Female,62,Maebashi-shi,10,149.86,6.4,511,200,Contract,2771,Bank Transfer,5,4,1,false
929,Aeriela Bridywater,Female,27,Zhenghu,25,16.81,2.0,528,135,Contract,803,Bank Transfer,2,1,1,true
930,Rhody Gillibrand,Female,19,Nanzhao,50,91.8,8.2,623,309,Contract,2457,Auto Pay,4,4,3,true
931,Claudetta Puttick,Female,26,Novokayakent,2,108.33,1.9,11,356,Postpaid,2086,Bank Transfer,4,0,2,true
932,Arlen Wrinch,Male,19,Loandjili,6,13.17,3.8,862,243,Contract,3840,Auto Pay,4,3,1,false
933,Willow Maciejak,Female,90,Klenak,55,23.89,2.7,584,17,Contract,4627,Bank Transfer,5,2,3,false
934,Aldridge Skillitt,Male,49,Cikendi,48,115.69,3.4,500,342,Contract,4546,Credit Card,1,3,5,false
935,Honor Lefridge,Female,31,Mendī,14,4.57,5.3,846,95,Postpaid,342,Bank Transfer,0,2,4,true
936,Odie Ness,Male,79,Shanhaiguan,21,20.74,3.6,791,362,Contract,4266,Credit Card,0,3,3,false
937,Cissy Aireton,Female,85,Alegre,18,37.79,5.6,274,7,Contract,4473,Bank Transfer,1,3,2,true
938,Kynthia Kubek,Female,41,Ḩātim,59,10.75,5.1,994,354,Prepaid,4769,Bank Transfer,2,3,2,false
939,Dave Gounard,Male,32,Janas,56,3.29,7.5,755,322,Postpaid,2376,Credit Card,1,3,1,false
940,Joice Cratere,Female,76,Mriyunan,32,109.31,3.2,37,152,Contract,2850,Auto Pay,2,2,1,false
941,Derek Petrenko,Male,95,Zhelin,52,120.18,5.8,16,372,Contract,2899,Credit Card,2,3,2,true
942,Emlynne Bullock,Female,69,Hitachi-Naka,27,78.08,6.0,8,102,Contract,4020,Bank Transfer,2,1,4,true
943,Friedrick Gavrielli,Male,27,Oravais,23,10.59,4.9,194,441,Contract,3434,Credit Card,0,2,4,true
944,Harlan Merrywether,Male,48,Xianxiang,12,58.64,1.1,31,237,Contract,524,Credit Card,5,5,4,false
945,Nonie Harston,Non-binary,85,Koufália,5,46.45,7.1,377,312,Postpaid,1903,Credit Card,5,2,1,true
946,Dorey Ausher,Female,18,Tekes,28,149.87,1.1,447,249,Postpaid,3696,Bank Transfer,5,2,1,true
947,Fleur Burstowe,Female,81,Fengshan,23,15.8,6.8,692,249,Prepaid,4262,Bank Transfer,0,3,2,true
948,Crin Michell,Female,96,Nanpiao,59,75.75,7.7,34,254,Prepaid,3191,Credit Card,0,1,3,false
949,Leonidas Tomsa,Male,40,Ossora,14,30.57,6.5,340,18,Contract,1252,Bank Transfer,3,4,1,true
950,Dani Roseman,Male,64,Meedhoo,42,72.48,9.8,330,350,Contract,1772,Credit Card,2,5,3,true
951,Marget Haggarth,Female,81,Caldas da Felgueira,33,65.75,8.7,29,56,Postpaid,3973,Auto Pay,1,5,0,false
952,Hildegarde Walch,Female,55,Zebrzydowice,20,58.48,8.9,619,121,Postpaid,4731,Credit Card,0,4,3,false
953,Lexie Farnorth,Female,32,Bancal,18,107.27,0.3,345,300,Postpaid,3607,Credit Card,3,0,5,false
954,Cecilio Jepson,Male,28,Ponte Nova,28,84.98,1.5,925,184,Contract,1668,Credit Card,5,0,3,true
955,Laina Picard,Female,64,Cisagu,23,136.76,8.4,468,231,Contract,694,Credit Card,0,4,2,false
956,Arlie Wey,Female,72,Dongshandi,60,62.46,5.3,422,422,Prepaid,1537,Bank Transfer,0,5,5,false
957,Dene Elner,Male,95,Talmest,40,42.02,3.9,513,478,Prepaid,2639,Credit Card,1,5,4,true
958,Bealle Scudamore,Agender,68,Créteil,2,138.54,0.4,236,11,Contract,4470,Credit Card,1,2,5,false
959,Olvan Primrose,Male,94,Duhu,26,137.87,7.0,687,271,Postpaid,3293,Credit Card,0,2,1,true
960,Allyn Scraggs,Female,27,Yangchao,37,23.63,9.7,704,230,Contract,4098,Credit Card,4,3,3,true
961,Virginia Bagg,Female,62,Duancun,45,59.34,9.0,115,241,Prepaid,2944,Credit Card,4,0,3,true
962,Kylen Burchall,Female,34,Cavan,38,11.21,6.9,888,298,Postpaid,2987,Auto Pay,5,1,2,true
963,Dew Benardeau,Male,61,Druya,45,71.22,6.6,71,291,Contract,4415,Auto Pay,4,1,1,false
964,Micaela Brecknell,Female,24,Nanyanchuan,54,92.54,7.4,192,186,Contract,1768,Credit Card,3,1,5,true
965,Beckie Scolts,Female,33,Yuping,51,28.27,8.0,240,478,Contract,624,Bank Transfer,3,1,1,true
966,Goldia Blatherwick,Female,53,Għaxaq,48,83.34,6.6,840,387,Postpaid,4409,Bank Transfer,5,4,3,true
967,Ealasaid Gallaccio,Agender,67,Ushirombo,49,99.67,3.2,91,468,Prepaid,1513,Bank Transfer,3,5,0,false
968,Gay Huitt,Male,40,Estrada,27,21.13,0.4,962,0,Postpaid,1044,Auto Pay,0,1,0,false
969,Vivia Cesaric,Female,92,Berkovitsa,4,104.45,3.3,688,418,Postpaid,1019,Auto Pay,5,3,1,false
970,Ruperto Pashba,Male,80,Suchen,44,16.1,5.0,580,34,Contract,59,Credit Card,3,5,1,false
971,Zenia Macy,Female,75,Žďár,18,58.97,7.9,201,143,Postpaid,4367,Credit Card,3,5,1,true
972,Linnell Mapowder,Female,36,Rungis,16,62.53,2.2,379,378,Postpaid,4041,Credit Card,2,5,4,true
973,Yovonnda Barff,Female,84,Qinlan,34,36.14,2.5,137,211,Postpaid,4298,Bank Transfer,4,3,4,true
974,Pasquale Batey,Male,88,Vårgårda,50,82.47,3.3,376,377,Prepaid,174,Credit Card,0,5,1,false
975,Tansy Latch,Female,47,Benito Juarez,26,23.97,3.3,53,119,Contract,4399,Auto Pay,4,4,1,true
976,Floria Kolodziejski,Female,68,Železná Ruda,44,89.9,4.8,941,298,Prepaid,464,Auto Pay,3,1,3,true
977,Carlin Drieu,Male,95,Lesozavodsk,34,29.75,9.0,598,223,Prepaid,2227,Auto Pay,5,5,0,false
978,Julianne Helling,Female,39,Svetogorsk,3,69.72,6.7,791,419,Contract,4868,Bank Transfer,1,0,2,false
979,Tory Jerrans,Female,80,Luodian,38,136.32,1.1,268,451,Contract,853,Auto Pay,4,0,0,false
980,Hans Carbett,Genderfluid,24,Saint Petersburg,10,121.65,1.4,834,389,Postpaid,2666,Auto Pay,0,1,5,false
981,Barton Shanks,Male,44,Galván,32,101.71,7.3,695,312,Postpaid,3328,Bank Transfer,5,4,1,true
982,Saundra Moar,Male,86,Shchuchin,50,131.07,0.2,174,381,Contract,2105,Credit Card,0,4,2,false
983,Andonis Prodrick,Male,28,San Fernando Apure,42,112.72,4.0,571,422,Postpaid,2092,Credit Card,3,0,3,false
984,Anna-diane Lynthal,Female,91,Seremban,59,65.13,9.4,342,57,Contract,4227,Bank Transfer,5,0,4,false
985,Lilith Goldman,Female,52,Novoshakhtinskiy,16,136.02,9.1,589,135,Postpaid,1102,Credit Card,2,3,5,true
986,Almeda Bowra,Female,61,Las Junturas,16,28.55,6.7,45,385,Contract,4609,Auto Pay,5,0,4,true
987,Codi Raffon,Female,34,Xuefu,16,143.27,0.2,596,307,Prepaid,701,Credit Card,2,3,5,true
988,Neel Lyddiatt,Male,26,Petaling Jaya,59,28.98,3.4,344,118,Contract,1194,Credit Card,1,4,3,false
989,Perry Baudains,Female,34,Xinxi,26,120.94,3.8,839,401,Prepaid,451,Credit Card,4,2,1,false
990,Eward Gostyke,Male,95,Pavlovsk,10,111.13,6.3,920,335,Postpaid,3291,Credit Card,3,4,1,false
991,Ike Boomes,Male,54,Bangad,55,15.62,0.8,265,267,Contract,3085,Bank Transfer,2,2,5,false
992,Frankie Stuckford,Female,69,Ban Phan Don,21,3.16,0.3,610,286,Prepaid,4629,Credit Card,4,0,1,false
993,Andie Peeter,Male,24,Bledzew,45,25.74,8.3,612,109,Contract,578,Bank Transfer,1,4,3,true
994,Elmira Trivett,Female,78,Nungwi,60,63.27,0.0,426,365,Prepaid,660,Bank Transfer,2,2,5,false
995,Ellette Redford,Female,59,Mandiana,12,72.32,3.7,422,54,Prepaid,3512,Credit Card,4,1,3,false
996,Reinaldos Carlyle,Male,44,Pont-Rouge,1,14.72,7.0,319,61,Postpaid,820,Auto Pay,0,4,5,true
997,Vivianne Corney,Female,75,Sanzao,16,93.81,6.2,254,157,Prepaid,3921,Credit Card,1,0,1,false
998,Barn Coulman,Male,83,Najiaying,10,67.36,1.1,673,290,Postpaid,406,Bank Transfer,1,3,2,false
999,Damiano Brelsford,Male,93,Povarovo,41,120.64,3.2,5,478,Prepaid,4241,Bank Transfer,5,3,3,false
1000,Hyatt Behne,Male,61,Blagnac,48,19.11,6.3,35,388,Postpaid,2834,Credit Card,3,4,1,true
